gene,seq_length,R1,R2,R3,R4,R5,R6,R7,R8,R9,R10,R11,R12,R13,R14,R15,R16,R17,R18,R19,R20,R21,R22,R23,R24,R25,R26,R27,R28,R29,R30
Acp2,423,1,0,0,1,0,0,0,0,0,0,0,0,0,0,0,0,0,0,0,0,0,0,0,0,0,0,0,0,0,0
Crk,304,1,0,0,0,0,-1,0,-1,-1,1,0,0,0,0,0,0,1,0,0,1,0,-1,0,0,0,0,0,0,0,0
Tap1,724,1,0,0,0,0,0,0,0,0,0,0,0,0,0,0,-1,0,0,0,0,1,0,0,0,0,0,0,0,0,0
Ppp1r9b,817,1,0,1,0,-1,0,1,0,0,0,0,0,0,1,0,0,0,0,0,1,0,0,0,-1,0,0,0,0,0,0
Tapbpl,451,1,0,0,-1,0,0,0,0,0,0,0,0,0,0,0,0,0,0,0,0,0,-1,0,0,0,0,0,0,0,0
Surf6,355,1,0,0,0,0,0,1,-1,0,0,0,0,-1,0,0,1,1,0,0,0,0,0,0,0,-1,1,0,1,0,0
Tgfbi,683,1,0,0,0,0,1,0,0,0,0,0,0,0,0,0,0,0,0,0,0,0,0,0,0,0,0,1,0,0,0
Hmgcs1,520,1,0,0,0,0,0,0,0,0,-1,0,0,0,0,1,-1,0,0,0,0,0,0,-1,0,0,0,0,0,0,0
Stx7,261,1,0,0,0,0,0,0,0,0,-1,0,0,0,0,0,0,1,0,0,0,0,0,0,1,0,0,0,0,0,0
Tpm1,245,1,0,0,0,0,0,0,-1,0,0,1,1,1,0,1,0,0,0,-1,0,0,-1,0,0,-1,-1,1,0,0,0
Spata13,1234,1,0,0,0,0,-1,0,0,0,0,0,0,0,0,0,0,0,0,0,0,0,1,0,0,1,0,0,0,0,0
Cmklr1,371,1,-1,0,-1,0,0,0,-1,0,0,0,0,-1,-1,-1,0,0,-1,0,0,0,0,0,0,-1,0,-1,-1,0,0
Bax,237,1,0,1,0,0,-1,0,1,-1,0,1,0,-1,0,0,0,1,0,0,0,0,0,0,0,0,0,0,1,1,0
Il15ra,263,1,0,0,0,0,0,1,0,0,0,0,0,0,0,0,0,0,0,0,0,0,0,0,0,0,0,0,0,1,0
Rel,587,1,0,0,0,0,0,0,0,0,0,-1,0,0,-1,0,0,1,0,1,0,0,1,0,1,0,1,0,-1,0,1
Slc7a2,657,1,0,0,0,1,0,0,0,0,0,0,1,0,0,0,1,1,1,0,0,0,0,-1,0,0,-1,-1,0,1,0
Pfkl,780,1,0,0,0,-1,0,-1,1,0,1,0,0,0,0,0,1,0,0,0,0,0,0,0,0,0,-1,0,0,0,0
Ncf4,339,1,0,0,0,0,0,0,1,0,-1,0,-1,0,-1,0,0,0,-1,-1,0,0,0,0,0,0,0,0,-1,0,-1
Surf4,269,1,0,0,0,-1,0,0,0,0,0,-1,-1,0,0,-1,0,0,0,1,0,0,1,0,0,0,0,0,0,0,1
Sqstm1,442,1,0,0,0,0,0,1,0,0,0,0,0,1,-1,-1,0,0,1,-1,0,1,1,0,0,0,0,0,0,0,-1
Nrbp1,543,1,0,-1,0,-1,0,0,0,0,0,0,0,0,0,-1,0,1,0,-1,0,0,0,0,0,0,0,0,0,0,0
Ikbke,717,1,0,0,0,0,0,0,0,0,0,0,-1,-1,0,0,0,0,0,0,0,0,0,0,0,1,0,1,0,1,1
Stau1,495,1,0,1,0,0,-1,0,0,0,1,0,0,0,0,0,0,0,0,0,1,0,0,0,0,0,0,1,0,0,0
Mcl1,331,1,0,0,0,1,1,0,0,0,0,0,0,0,0,0,0,0,0,0,0,0,0,0,0,0,0,0,0,0,0
Eef1a2,463,1,0,1,-1,1,0,0,0,0,0,0,0,0,0,0,0,-1,0,0,1,0,0,0,0,0,0,0,0,0,1
Pgap2,254,1,0,0,0,0,0,0,0,-1,1,-1,0,0,0,0,1,0,1,0,0,0,0,0,0,0,0,0,0,0,0
B4galt5,388,1,1,0,1,1,0,0,0,1,0,0,1,1,0,0,0,0,0,0,0,0,0,0,0,0,0,0,0,0,0
S100a9,113,1,0,0,1,0,0,0,0,0,-1,1,0,0,0,0,0,0,-1,0,0,0,0,0,0,1,1,-1,0,0,0
Stxbp1,594,1,0,0,0,0,0,1,0,0,0,0,-1,1,0,0,0,-1,0,0,1,1,0,1,1,1,0,-1,0,1,0
Rbm14,669,1,1,0,0,0,0,0,0,-1,0,0,-1,0,0,0,-1,-1,0,0,0,0,0,0,0,0,0,0,0,0,0
Dnajb12,376,1,-1,0,0,1,-1,-1,0,-1,1,0,0,0,0,0,0,1,0,0,0,0,0,0,0,-1,1,0,0,1,0
Itgal,1161,1,0,0,1,0,0,0,0,1,0,0,0,0,0,0,0,0,0,0,1,0,0,0,0,0,0,-1,0,1,0
Lage3,148,1,0,0,0,0,0,0,0,0,0,0,0,-1,0,0,-1,0,0,0,0,1,0,0,0,0,0,0,0,0,1
Eef1akmt4-Ece2,734,1,0,0,0,0,0,-1,0,0,0,0,0,0,0,0,0,0,1,1,0,1,0,0,0,0,0,0,0,0,0
Abcc1,1528,1,0,0,1,0,0,0,0,0,-1,0,0,-1,0,0,0,-1,0,0,0,0,0,0,0,0,0,0,-1,0,0
Mark2,776,1,0,0,0,1,0,0,0,0,0,0,0,-1,1,-1,0,-1,0,0,0,0,0,0,0,-1,0,1,0,0,0
Ifi205a,404,1,-1,0,-1,0,1,1,0,0,0,0,-1,0,0,-1,0,0,0,1,0,0,0,0,0,0,1,0,0,0,0
Tfg,277,1,0,0,0,0,-1,0,0,0,1,0,0,0,1,0,0,0,0,-1,-1,0,1,1,0,0,0,0,0,-1,-1
Lilrb3,844,1,0,0,0,0,0,0,0,0,1,0,0,0,0,0,0,0,0,0,0,0,0,0,0,0,0,0,1,0,0
Arf5,180,1,0,0,0,0,0,0,0,0,0,1,0,0,0,1,1,0,0,1,0,0,0,0,0,0,-1,0,0,0,1
Ccdc88b,1481,1,-1,0,0,1,0,0,1,0,1,0,0,0,0,0,0,0,0,0,0,0,0,0,0,0,0,0,0,0,-1
Ero1a,464,1,0,1,0,0,0,0,0,0,0,0,0,0,0,0,0,0,0,1,0,0,0,0,-1,-1,1,1,0,-1,0
Slc25a22,323,1,0,-1,1,0,0,0,0,0,0,1,0,0,0,0,0,0,0,0,0,0,0,0,0,0,0,0,0,0,-1
Gys1,738,1,0,0,0,1,0,0,0,0,0,0,0,0,0,0,-1,-1,0,-1,-1,-1,0,-1,0,-1,0,0,0,0,0
Tbcb,244,1,-1,0,0,0,0,0,0,0,0,0,0,0,0,0,0,0,0,0,0,0,0,1,0,-1,1,1,0,0,1
Rps6kc1,1056,1,0,0,0,0,0,0,0,0,-1,0,0,1,0,0,0,0,0,-1,0,0,1,0,0,1,0,0,0,0,0
Rcsd1,412,1,-1,-1,1,0,0,-1,0,0,0,0,0,-1,0,0,0,0,0,0,0,0,0,0,0,0,1,0,1,-1,0
Stx11,287,1,1,-1,1,0,0,-1,0,0,-1,0,0,1,0,0,-1,0,0,0,0,-1,0,-1,0,-1,0,-1,0,0,1
Stxbp3,592,1,0,0,0,0,0,-1,1,0,0,1,0,0,0,0,1,1,0,1,0,0,0,0,-1,-1,0,1,1,-1,0
Plaat3,162,1,0,0,0,0,0,-1,0,1,0,0,-1,0,0,-1,0,0,1,0,0,0,1,0,0,0,0,0,0,0,-1
Lrrc8c,803,1,0,0,0,0,-1,0,1,0,0,0,-1,0,0,0,0,0,1,0,0,1,0,0,0,-1,0,0,0,-1,0
Gde1,331,1,0,0,0,-1,-1,0,0,0,0,0,0,0,0,0,0,0,0,0,0,0,0,0,0,0,1,0,0,0,0
Pym1,92,1,-1,0,0,0,0,0,-1,0,0,0,0,0,1,0,0,0,0,0,0,1,0,-1,0,0,0,1,1,0,1
Casp7,303,1,0,-1,-1,0,-1,0,0,0,-1,0,-1,1,0,-1,0,0,0,-1,-1,0,0,-1,0,1,0,-1,1,0,0
Dtx3l,748,1,0,0,0,0,-1,0,0,0,0,0,0,0,1,0,1,-1,0,0,0,1,0,0,1,1,0,-1,0,0,0
Sec31a,1230,1,1,0,1,-1,0,-1,1,0,0,0,0,0,0,0,0,0,0,0,0,0,0,0,0,0,0,0,0,0,0
Hcls1,486,1,0,1,0,0,0,0,0,-1,0,0,0,0,0,-1,0,0,0,-1,-1,0,-1,0,-1,0,-1,0,0,0,-1
Stat3,769,1,0,0,0,0,0,0,0,0,0,-1,0,1,0,0,-1,0,0,0,0,0,0,0,-1,0,0,0,0,-1,0
Gfpt1,697,1,0,0,0,0,0,0,0,0,0,0,0,0,1,0,1,1,-1,0,0,-1,0,0,0,1,0,0,0,1,0
Vasp,365,1,0,-1,0,0,0,0,0,0,1,0,0,0,0,0,0,-1,-1,0,0,1,1,0,0,0,0,0,0,0,0
Tdrd7,1086,1,0,-1,0,-1,0,0,0,1,0,0,1,0,0,0,0,0,0,1,0,0,0,0,0,0,1,0,0,0,-1
Map2k4,253,1,-1,0,-1,0,0,0,1,0,0,-1,0,0,0,0,0,0,0,0,0,0,0,0,1,-1,0,-1,0,0,0
Fas,63,1,0,0,0,0,0,0,0,0,0,0,0,0,0,0,0,0,1,0,0,0,0,0,0,0,0,0,0,-1,0
Rapgef2,1496,1,1,0,0,0,0,0,0,0,0,0,0,0,0,0,0,-1,1,0,0,0,0,0,-1,0,0,1,0,0,0
Gripap1,806,1,0,0,0,0,0,-1,-1,-1,0,0,1,0,0,0,0,0,0,-1,0,1,0,0,0,0,0,0,0,-1,-1
S100a8,89,1,0,0,-1,0,-1,1,0,0,0,0,0,0,-1,0,0,0,0,0,0,0,0,0,0,0,0,0,0,0,0
Ell2,639,1,0,0,0,0,0,0,0,0,1,-1,-1,0,1,0,0,0,0,0,0,1,0,0,0,-1,0,0,0,0,0
Dennd1a,1016,1,0,0,1,0,1,0,0,0,-1,0,0,0,-1,0,0,0,-1,0,0,0,0,1,0,0,0,0,0,0,-1
Rnaseh2c,166,1,1,0,0,-1,-1,0,0,-1,0,1,0,1,0,0,0,1,0,0,0,0,1,0,0,0,0,0,1,0,0
Il36g,193,1,-1,0,0,-1,1,1,0,0,0,0,0,0,-1,0,-1,0,-1,0,-1,1,0,0,0,0,0,0,0,0,0
Lnpk,425,1,0,0,0,0,0,1,0,1,0,1,0,0,0,0,-1,0,0,-1,0,0,-1,1,-1,0,0,0,0,-1,-1
Ift20,132,1,0,1,-1,0,0,0,-1,0,0,0,0,0,-1,-1,0,0,1,0,1,0,0,-1,0,-1,0,0,0,0,0
Mthfr,654,1,0,0,-1,0,1,0,0,0,0,0,0,0,1,0,-1,0,0,0,0,0,0,-1,0,0,1,-1,0,0,1
Dus2,493,1,0,0,0,0,0,0,0,0,0,0,0,1,0,0,0,0,0,0,0,1,0,0,0,0,0,0,1,0,0
Cdkn1a,159,1,0,0,0,0,-1,0,1,0,0,0,0,1,0,1,0,0,1,0,0,0,0,0,0,-1,0,-1,0,0,1
Mrpl10,262,1,0,0,0,0,0,0,0,0,1,0,0,0,0,0,1,0,0,0,0,0,0,0,0,0,0,1,0,0,0
Gsr,500,1,0,0,0,0,1,0,0,0,0,0,0,0,0,0,0,1,1,0,0,1,0,0,0,0,0,0,0,0,0
Tbk1,729,1,0,0,0,0,0,0,0,0,0,0,0,-1,0,0,0,0,0,0,0,0,0,0,0,1,0,1,0,1,1
Slc2a6,497,1,0,-1,0,0,0,1,0,-1,0,0,-1,0,-1,0,0,0,-1,0,0,0,0,0,0,-1,1,-1,1,0,0
Ptgs2,604,1,0,0,1,0,0,0,0,0,0,0,0,0,0,0,0,0,0,0,0,0,0,0,0,0,0,0,0,1,0
Fyttd1,283,1,0,1,0,0,0,1,0,0,0,0,0,0,0,0,0,0,0,0,1,0,1,0,0,-1,0,0,-1,1,0
Marco,518,1,0,0,1,-1,0,0,1,-1,-1,-1,0,0,0,0,0,-1,-1,1,0,-1,0,-1,0,0,0,0,0,0,0
Acin1,565,1,-1,0,0,-1,0,1,0,-1,0,-1,0,0,-1,0,0,0,0,0,0,-1,0,0,0,0,-1,-1,1,0,-1
Slamf7,333,1,0,1,0,0,0,0,0,0,0,0,0,0,0,0,0,0,0,0,0,0,0,0,0,0,0,1,1,0,0
Golga5,729,1,0,0,0,0,-1,0,0,0,1,0,-1,-1,0,0,0,1,0,-1,0,0,0,0,0,0,0,1,1,-1,0
Mapk7,703,1,0,0,0,0,0,0,0,0,0,0,0,0,1,1,0,0,0,0,0,-1,0,0,0,0,0,1,1,0,0
Tnip3,279,1,0,0,1,1,0,0,0,0,-1,1,0,-1,-1,0,0,0,0,0,0,0,0,0,-1,-1,0,-1,1,0,-1
Tapbp,465,1,1,0,0,0,0,0,0,0,0,0,0,0,0,0,0,0,0,0,0,0,0,0,0,0,-1,0,0,-1,0
Bsg,273,1,0,0,0,0,0,0,0,0,0,0,0,0,0,0,0,0,0,0,0,0,0,0,0,0,0,0,0,0,0
Fcgr1,404,1,0,0,0,0,0,0,-1,-1,0,0,0,0,0,0,0,0,0,0,0,0,0,0,0,-1,0,0,0,0,0
Ccrl2,360,1,-1,0,0,0,0,0,0,-1,-1,-1,0,-1,0,0,0,0,-1,-1,0,0,-1,0,0,0,0,-1,0,0,0
Pomp,141,1,0,0,1,0,0,0,0,-1,0,1,-1,0,0,0,0,0,-1,0,0,0,0,0,0,0,-1,0,0,-1,0
Rgl1,766,1,-1,0,0,0,0,0,-1,0,0,0,0,0,0,1,0,1,0,0,0,1,0,-1,0,0,0,0,0,0,0
Mlh1,760,1,0,0,0,0,0,0,0,1,1,0,-1,-1,0,0,0,0,1,0,0,0,0,-1,0,0,0,1,0,0,0
Irgm2,395,1,-1,-1,0,0,-1,0,0,-1,0,1,-1,0,-1,0,0,0,-1,0,0,0,0,0,1,-1,0,0,0,0,0
Vamp3,103,1,0,0,0,0,0,0,0,0,0,0,0,0,0,0,0,1,1,0,0,0,0,0,0,0,0,-1,-1,0,0
Akt3,479,1,0,-1,0,0,0,0,1,-1,0,0,0,0,1,1,0,-1,0,0,1,0,0,1,0,1,0,0,0,0,1
Lyn,512,1,0,0,0,1,0,1,1,1,-1,0,0,0,-1,-1,-1,0,-1,0,1,0,0,0,0,1,0,0,-1,1,0
Ccr1,355,1,-1,0,0,-1,0,0,-1,0,0,0,0,0,0,-1,0,-1,0,0,-1,0,0,0,0,0,1,0,0,0,1
Rap2c,183,1,1,-1,0,1,0,0,0,0,0,0,0,0,0,0,1,0,0,0,0,0,0,0,0,0,0,0,0,0,-1
Dnaja2,412,1,0,0,0,0,-1,0,1,0,0,-1,0,0,0,0,0,0,0,0,0,-1,0,-1,0,1,1,0,0,1,1
M6pr,180,1,0,0,0,0,0,1,0,0,0,0,0,0,0,0,0,0,0,0,0,0,0,0,0,0,0,0,0,0,-1
Kif3b,747,1,0,1,0,1,0,0,-1,0,0,1,0,0,0,1,0,1,0,0,0,0,1,-1,1,0,0,0,0,-1,1
Lpp,488,1,-1,0,0,0,1,0,0,0,0,0,1,1,0,0,0,0,0,1,0,0,0,0,0,0,0,0,0,0,0
Elf1,2154,1,-1,0,0,1,0,0,0,0,0,0,0,0,0,0,0,0,0,0,0,0,0,0,0,0,0,0,0,-1,0
Slc23a2,605,1,1,0,0,-1,-1,0,0,0,0,1,0,0,-1,0,0,-1,0,0,0,0,0,0,1,-1,1,0,0,0,0
Dus2,493,1,0,0,0,0,0,0,0,0,0,0,0,1,0,0,0,0,0,0,0,1,0,0,0,0,0,0,1,0,0
Ccdc124,217,1,0,1,1,0,0,0,-1,0,0,1,0,0,0,0,1,0,1,1,0,-1,0,1,0,0,0,-1,0,1,1
Nampt,491,1,0,0,0,0,-1,0,-1,0,0,0,0,0,0,0,-1,0,0,1,0,0,0,0,1,0,0,0,0,0,0
Ptpn2,406,1,0,0,0,0,-1,1,-1,0,-1,-1,0,-1,0,0,0,1,0,0,0,0,0,0,-1,0,1,0,-1,0,0
Gmfg,142,1,0,-1,0,0,0,0,0,-1,0,-1,0,-1,0,1,-1,0,0,1,1,0,1,0,1,1,-1,0,0,0,0
Marcksl1,200,1,0,0,0,0,0,1,0,0,1,0,-1,0,0,0,-1,-1,0,0,0,0,0,0,0,1,0,0,0,0,-1
Gbp2,589,1,0,0,-1,0,0,0,0,-1,0,0,0,0,0,-1,0,0,-1,0,0,0,0,0,0,0,-1,0,0,1,0
Ehd3,535,1,0,0,0,0,0,0,-1,-1,1,1,1,1,-1,0,-1,0,0,0,0,0,0,-1,0,0,1,1,0,0,1
Cdc42ep4,349,1,0,0,0,1,0,0,0,0,0,0,0,0,0,1,1,1,0,1,0,-1,0,0,0,-1,0,0,0,0,0
Hk2,917,1,0,0,0,0,0,0,0,0,0,0,0,-1,0,0,0,0,0,0,0,1,0,-1,0,0,0,0,0,0,1
Cers6,384,1,0,0,0,0,0,0,0,0,0,-1,1,0,0,0,0,0,0,0,0,0,0,-1,0,1,0,0,-1,-1,0
Atxn2l,1049,1,0,1,0,0,0,0,0,0,0,0,0,0,0,0,0,0,0,0,0,0,0,0,0,1,1,0,0,0,0
Sh3glb1,355,1,0,0,0,-1,0,0,0,1,1,0,0,0,-1,0,0,0,0,0,0,1,0,0,0,0,0,-1,-1,1,0
Tmsb10,44,1,0,-1,1,0,-1,0,0,-1,0,0,0,0,-1,1,0,1,0,1,1,0,-1,0,0,-1,1,0,0,0,0
Fth1,182,1,0,0,0,0,0,0,0,0,1,0,0,0,0,0,-1,0,-1,0,0,0,0,1,0,0,0,0,-1,0,0
Map4,1125,1,0,-1,0,0,0,0,-1,0,0,0,-1,0,0,0,-1,0,-1,0,-1,0,1,1,-1,0,0,0,0,0,-1
Irgm1,393,1,0,-1,0,0,0,0,0,0,0,0,0,0,0,0,0,0,0,0,0,0,0,0,0,1,0,0,-1,0,0
Tlr2,784,1,0,1,0,0,0,0,0,0,0,0,0,0,0,0,0,0,0,0,1,1,0,0,0,0,-1,0,0,0,0
Asf1a,204,1,0,1,0,0,0,0,0,0,0,0,0,-1,0,0,0,0,0,0,0,0,0,0,0,-1,0,0,0,-1,0
Gclm,274,1,0,0,-1,0,1,0,0,0,0,0,0,0,1,0,0,0,0,0,0,0,0,0,0,0,0,0,0,0,1
Relb,501,1,0,1,0,0,0,1,0,0,0,0,0,0,0,0,0,0,0,0,0,0,0,0,0,0,0,0,0,0,0
Pfkfb3,543,1,0,0,-1,0,0,0,0,1,0,0,1,0,0,0,0,0,-1,0,1,0,0,0,0,1,0,0,0,0,1
Washc2,1334,1,0,1,0,0,0,-1,0,-1,1,0,0,0,0,-1,0,0,0,-1,1,0,0,0,0,-1,-1,0,1,1,0
Mcmbp,642,1,0,0,0,-1,-1,0,0,0,0,0,0,0,0,0,0,0,0,0,0,0,0,0,0,0,0,-1,0,-1,1
Slc2a1,492,1,-1,0,0,0,1,1,0,0,0,1,0,0,0,0,0,0,0,0,0,0,0,0,0,0,0,0,0,0,0
Rab43,215,1,-1,0,0,0,0,0,0,0,0,1,0,0,0,0,0,-1,0,0,0,0,1,0,0,0,0,1,0,0,0
Hck,524,1,0,0,1,0,0,0,-1,-1,0,0,0,0,1,0,-1,0,1,0,0,1,0,0,0,0,1,0,1,0,0
Pdzd11,140,1,-1,0,1,0,0,0,-1,-1,0,0,0,0,0,0,0,0,0,-1,0,0,0,0,0,0,0,0,0,-1,1
Lpin2,931,1,0,0,0,-1,-1,0,0,-1,-1,-1,1,0,0,0,-1,0,0,0,0,1,0,0,0,0,0,0,0,1,0
Sh3pxd2b,908,1,0,0,1,1,0,0,0,-1,0,1,0,0,-1,0,0,1,1,1,0,0,0,1,0,0,0,0,0,0,1
Mndal,538,1,0,-1,0,1,1,0,0,0,0,1,0,0,-1,0,0,-1,-1,0,0,0,1,0,0,1,0,0,0,1,1
Pex7,318,1,0,0,0,1,0,0,1,0,0,0,1,0,0,0,0,0,-1,0,0,0,0,0,0,0,1,0,0,0,0
Rps23,143,1,0,1,0,1,0,0,1,0,0,1,1,0,1,0,0,1,1,-1,0,1,0,0,-1,1,0,0,1,1,0
Ak4,223,1,0,0,1,0,0,1,0,0,0,0,0,0,0,0,0,0,1,0,0,0,0,-1,1,0,0,0,0,0,0
Hk3,867,1,-1,0,0,0,1,0,0,-1,0,0,0,0,0,0,1,0,0,0,0,0,0,1,0,0,0,0,0,0,-1
Cmpk2,447,1,0,0,0,0,1,0,1,0,0,0,0,0,0,1,0,0,1,1,0,0,0,1,0,0,0,0,0,0,0
Vcam1,739,1,0,0,1,0,0,0,0,0,0,0,0,0,0,0,0,0,0,0,0,0,0,0,0,0,1,0,-1,0,0
Riok3,519,1,-1,0,0,0,0,0,0,0,-1,0,0,0,0,0,0,0,0,0,0,1,0,0,0,0,0,0,0,0,0
Tnfaip2,691,1,0,1,0,0,0,0,0,0,0,0,0,0,0,0,0,0,0,0,0,0,0,0,0,0,0,0,0,1,0
Snx10,201,1,0,0,-1,0,0,1,-1,-1,0,0,0,0,0,0,1,-1,0,1,0,0,1,-1,-1,0,0,0,0,0,0
Phactr2,514,1,0,0,0,0,0,0,0,0,0,0,0,0,0,0,0,-1,0,0,-1,1,0,0,0,0,0,0,-1,0,0
Yju2,314,1,0,-1,1,1,0,0,0,1,0,0,0,0,-1,0,-1,0,0,1,0,0,1,0,1,0,0,1,-1,1,0
Prkdc,4128,1,0,-1,-1,0,0,0,0,1,0,0,0,0,0,0,0,-1,0,0,0,0,0,-1,1,0,0,0,0,0,0
Stx12,274,1,0,0,0,0,0,-1,0,0,1,0,0,0,0,0,0,0,0,0,1,-1,0,0,0,0,0,0,0,0,0
Pvr,467,1,0,1,0,0,0,0,0,0,0,1,0,0,0,0,0,0,0,0,0,0,0,0,0,0,0,0,-1,0,0
Braf,804,1,0,0,0,0,0,0,0,0,0,0,0,0,0,0,0,0,0,0,0,0,0,0,0,0,-1,0,0,0,0
Marcks,309,1,0,0,0,0,0,1,0,0,0,1,0,-1,0,0,0,-1,1,0,0,-1,0,0,0,0,0,0,0,0,1
Enah,802,1,0,-1,0,0,0,0,0,0,1,0,0,0,0,0,0,-1,-1,0,0,1,1,0,0,0,0,0,0,0,0
Ppfibp2,882,1,0,0,-1,0,0,0,0,0,-1,0,0,0,-1,0,0,-1,0,0,0,0,0,0,1,0,0,0,-1,0,0
Stat5a,793,1,0,0,0,0,0,0,0,0,0,0,0,-1,0,0,1,0,0,0,0,0,0,0,0,0,0,0,0,-1,0
Il1a,270,1,0,1,0,0,-1,0,0,-1,-1,0,1,0,0,0,0,-1,0,-1,-1,0,0,0,0,0,-1,0,0,0,0
Notch1,2531,1,0,1,0,0,0,0,0,0,0,0,0,0,0,0,0,0,0,0,1,0,0,1,0,0,0,0,0,0,0
Lgi2,550,1,0,0,0,1,0,0,0,0,0,0,0,0,0,0,0,0,0,0,0,0,0,0,0,0,0,0,1,1,0
Sarnp,210,1,0,0,-1,0,0,-1,0,0,1,0,1,0,0,-1,0,1,0,-1,0,0,0,1,0,0,-1,0,1,0,0
Ass1,412,1,0,0,1,0,0,0,0,0,0,0,0,0,0,0,-1,0,0,0,0,0,0,0,0,1,-1,0,0,0,-1
Slc15a3,578,1,0,0,0,1,0,-1,-1,0,0,0,1,0,0,-1,1,0,0,0,0,0,1,0,0,1,0,0,1,1,0
Ms4a6c,217,1,0,0,0,0,0,0,0,-1,0,0,0,0,0,0,0,0,0,0,0,0,0,0,1,-1,-1,0,0,0,0
Ly6i,134,1,-1,0,0,0,0,0,1,0,0,0,0,0,0,0,0,0,0,0,0,0,-1,1,0,0,0,0,-1,0,0
Iigp1,413,1,0,0,0,0,0,0,0,1,0,-1,-1,0,0,-1,0,0,0,0,0,0,0,0,0,1,1,0,0,0,0
Stard3,446,1,0,1,1,0,0,-1,0,0,0,-1,0,-1,1,0,0,0,0,0,0,0,0,0,0,0,0,0,0,0,0
Cd74,279,1,-1,-1,0,1,-1,0,0,0,0,0,-1,0,0,0,0,0,0,0,1,0,1,-1,0,-1,1,0,0,1,0
Cflar,215,1,0,0,0,0,0,0,0,-1,0,0,0,0,0,-1,-1,0,0,-1,-1,-1,-1,1,-1,0,0,0,0,0,0
Casp8,480,1,-1,0,0,0,0,0,0,0,0,0,-1,-1,0,0,0,-1,-1,0,0,0,0,1,0,0,0,0,-1,0,0
Limd2,128,1,0,0,0,0,0,0,0,0,0,0,0,0,0,-1,0,1,0,0,0,0,0,0,0,0,0,1,0,1,0
Vim,466,1,0,0,1,0,0,0,0,0,0,0,1,1,0,0,0,0,0,0,0,0,0,1,0,0,0,0,1,0,0
Tap2,702,1,0,0,0,0,0,1,0,0,0,0,0,0,0,0,-1,0,0,0,0,0,0,0,0,0,0,0,0,0,0
Kynu,428,1,0,-1,0,0,0,0,-1,0,0,0,-1,0,0,1,1,0,0,0,-1,0,0,0,-1,0,0,-1,-1,1,0
Acod1,488,1,0,0,1,0,0,0,-1,0,0,0,0,0,0,0,0,0,1,0,0,0,0,0,-1,0,0,0,1,1,0
Whamm,793,1,-1,0,-1,0,0,-1,0,0,-1,0,0,0,0,0,1,-1,-1,0,0,0,-1,0,-1,1,0,0,0,1,0
Ninj1,152,1,-1,0,0,0,-1,-1,0,-1,0,0,0,-1,0,1,0,0,0,0,0,0,0,-1,0,0,0,0,1,0,0
Plekho2,495,1,-1,-1,-1,0,0,1,-1,0,0,-1,1,0,1,0,0,1,0,0,-1,1,0,0,0,0,1,1,0,0,0
Ythdc1,740,1,0,0,-1,0,1,-1,-1,1,-1,-1,0,0,-1,0,0,0,0,0,0,0,-1,0,-1,0,0,0,0,-1,-1
Picalm,660,1,0,0,0,0,0,0,-1,1,0,0,0,0,0,0,0,0,0,0,0,0,0,0,1,0,0,0,1,0,0
Kpna4,521,1,0,-1,0,-1,1,0,-1,0,0,1,0,1,0,0,1,0,1,0,1,-1,0,-1,0,0,1,1,0,1,0
Fas,63,1,0,0,0,0,0,0,0,0,0,0,0,0,0,0,0,0,1,0,0,0,0,0,0,0,0,0,0,-1,0
P4ha1,534,1,0,0,0,0,0,0,0,0,0,0,0,0,0,0,0,0,0,0,0,0,0,0,0,0,0,0,0,0,-1
Il1rn,162,1,0,0,0,0,0,-1,0,0,0,1,0,0,0,1,1,0,0,1,0,0,0,0,1,0,0,-1,0,0,0
Gpr84,396,1,0,0,0,0,-1,0,0,0,0,0,0,0,-1,0,0,0,0,0,1,0,0,0,0,0,0,0,0,0,0
Vamp8,101,1,-1,-1,0,0,0,0,0,0,0,-1,1,0,1,0,0,0,0,-1,0,-1,0,0,1,0,0,0,0,0,0
Slc28a2,660,1,-1,1,0,1,0,1,1,0,0,0,0,0,0,0,-1,0,0,0,-1,0,0,0,0,-1,0,0,-1,0,0
Slc4a7,1034,1,-1,0,-1,0,0,0,-1,0,0,1,0,0,0,0,1,0,0,-1,-1,-1,0,0,0,-1,0,0,1,0,0
Pxk,582,1,0,0,0,-1,1,0,0,0,0,1,0,0,0,-1,-1,0,0,0,0,0,0,0,0,-1,0,0,0,0,0
St3gal1,337,1,1,1,1,0,0,1,0,0,0,0,0,0,0,0,0,0,0,0,0,0,0,0,0,0,0,0,0,0,0
Dlg4,724,1,-1,0,0,0,0,0,0,0,1,1,0,1,0,0,-1,-1,-1,0,0,0,0,-1,0,0,0,0,0,0,0
Prrc2c,2846,1,0,-1,1,0,0,0,0,0,1,0,1,-1,0,1,1,0,0,0,0,0,0,0,0,0,0,1,0,1,0
Inip,104,1,0,0,0,0,0,0,0,0,0,0,0,1,0,1,0,0,0,0,0,-1,0,-1,1,-1,1,1,1,0,0
Cybb,570,1,0,0,0,0,0,0,-1,0,0,0,0,0,0,0,0,0,0,0,0,0,0,0,0,0,0,0,0,0,0
Gng12,72,1,0,0,1,0,0,0,0,0,0,0,0,0,0,1,1,0,0,0,0,0,1,0,-1,0,0,0,-1,1,0
Vcpip1,1220,1,0,0,0,0,0,0,0,0,0,0,0,0,0,0,0,0,-1,0,0,0,0,0,0,0,0,0,0,0,0
Dcp1a,602,1,0,0,0,0,0,0,0,1,0,1,1,1,0,0,0,0,1,0,1,0,-1,0,0,0,1,0,-1,0,-1
Syk,629,1,0,0,0,0,0,-1,0,0,0,0,0,0,0,0,0,0,0,0,0,1,-1,-1,0,-1,-1,0,0,0,0
Cmtr1,837,1,1,1,1,0,-1,0,-1,0,0,0,0,0,1,1,0,1,1,0,0,-1,0,0,1,0,0,0,0,0,0
Ranbp3,558,1,0,-1,0,0,0,-1,-1,1,0,0,0,0,0,0,0,0,0,0,0,1,-1,1,0,0,1,0,0,0,-1
Wars1,474,1,0,-1,0,0,0,0,-1,0,0,0,0,0,0,-1,0,0,0,0,0,0,0,0,0,-1,0,0,1,0,0
Acot7,381,1,1,0,0,0,0,0,0,1,0,0,-1,0,0,1,0,0,0,0,0,0,0,0,0,0,0,-1,0,0,0
Ndrg1,394,1,0,1,-1,0,0,-1,0,-1,0,0,-1,0,1,0,0,0,-1,1,0,-1,0,0,0,0,0,0,0,-1,0
Lst1,95,1,0,-1,-1,0,0,0,0,0,0,0,0,0,0,0,0,0,0,0,0,0,0,0,0,0,0,0,0,0,0
Syap1,365,1,0,0,0,0,0,0,0,0,0,0,1,0,0,-1,0,0,0,0,-1,0,-1,-1,0,0,0,1,-1,0,-1
Tmod3,213,1,0,0,0,0,0,-1,0,0,0,0,-1,0,0,0,0,0,0,0,0,0,0,-1,1,0,0,0,0,0,1
Cdc5l,802,1,0,1,0,0,0,1,0,0,0,0,1,0,0,-1,-1,-1,0,0,1,0,0,0,0,1,0,0,1,0,0
M6pr,180,1,0,0,0,0,0,1,0,0,0,0,0,0,0,0,0,0,0,0,0,0,0,0,0,0,0,0,0,0,-1
Nod1,953,1,-1,-1,0,0,0,0,-1,0,-1,0,0,0,0,0,0,0,0,0,0,1,0,0,1,0,0,1,-1,0,0
Gch1,241,1,-1,1,0,1,0,0,1,0,0,0,0,0,0,-1,1,-1,0,0,1,0,0,0,0,0,0,0,-1,1,0
Ccl2,148,1,0,0,0,0,0,0,0,0,0,0,0,0,0,0,0,0,0,0,0,0,0,0,0,0,-1,0,0,0,0
Nrp2,901,1,-1,0,0,0,0,0,0,0,0,0,0,0,0,0,0,0,0,-1,0,1,0,0,0,-1,0,0,0,0,0
Isg20,300,1,0,0,0,0,-1,0,0,0,0,-1,0,-1,0,0,0,0,0,0,0,1,0,0,0,0,0,1,0,0,0
Tbc1d13,400,1,0,0,0,0,1,0,1,0,0,-1,0,0,-1,0,0,1,-1,0,0,0,0,0,-1,1,0,1,-1,0,0
Slc30a1,503,1,0,0,0,0,1,0,1,0,1,0,0,0,0,0,0,0,0,0,0,0,0,0,0,-1,0,0,0,0,1
Ppp2r5a,486,1,0,0,0,0,0,0,0,0,0,0,0,0,0,0,0,0,0,-1,1,0,-1,0,0,0,1,1,0,0,1
Arrdc2,407,1,0,0,-1,1,0,1,0,0,0,0,-1,0,-1,0,0,1,0,0,0,-1,0,0,0,0,0,0,0,0,0
Alas1,642,1,-1,0,0,0,1,1,0,0,0,0,0,1,0,0,0,0,0,0,0,1,0,0,1,0,0,0,0,0,0
Mmp14,582,1,0,0,0,0,1,0,0,1,0,0,0,0,0,0,0,0,0,0,0,0,0,0,0,0,0,0,0,0,0
Mnda,423,1,0,0,-1,0,1,1,0,0,0,0,1,0,0,-1,0,0,0,1,0,0,0,0,0,0,1,0,0,0,0
Smg9,520,1,0,-1,0,0,0,0,0,0,0,0,0,0,0,-1,1,1,1,1,0,1,-1,0,0,0,0,0,0,0,0
Itga5,1053,1,0,0,0,0,0,1,0,0,1,0,0,0,0,0,0,0,0,1,0,0,0,1,1,0,0,0,0,0,0
Map2k6,237,1,-1,0,-1,0,0,0,1,0,0,-1,0,0,0,0,0,0,0,0,0,0,0,0,1,-1,0,-1,0,0,0
Ampd3,766,1,0,1,0,0,0,1,0,0,0,0,-1,0,-1,-1,0,0,1,0,0,0,-1,1,0,0,0,1,0,0,1
St3gal5,414,1,0,0,-1,0,0,0,0,0,0,1,1,0,0,1,0,1,0,0,0,0,0,0,0,0,1,0,0,0,0
Sting1,337,1,0,0,0,0,0,0,0,0,0,0,1,0,1,0,0,1,0,1,0,0,0,0,0,0,0,0,0,0,0
Vamp2,116,1,0,0,0,0,0,0,0,0,0,0,0,0,0,0,-1,0,0,0,0,0,0,0,0,0,0,0,0,0,1
Ifi203,408,1,0,-1,0,1,0,0,0,0,0,1,0,0,-1,0,0,-1,-1,0,0,0,1,0,0,1,0,0,0,1,1
Ric1,1422,1,0,0,0,0,0,0,0,1,1,0,0,0,0,0,1,0,0,0,-1,0,0,0,0,0,0,0,-1,0,1
Tnip1,646,1,-1,0,1,0,0,0,0,0,0,-1,0,0,0,0,0,0,0,0,-1,0,0,0,0,0,-1,1,0,0,-1
Agfg1,537,1,0,0,0,0,1,1,1,0,-1,-1,1,0,0,1,0,0,1,-1,0,0,0,0,0,0,0,1,1,0,0
Zc3h11a,792,1,0,0,0,0,-1,-1,0,0,0,0,0,0,0,0,0,0,1,0,-1,0,0,0,0,1,0,0,-1,0,0
Mff,250,1,0,-1,0,0,1,0,0,0,-1,0,-1,0,0,-1,0,0,0,0,1,0,1,0,0,-1,1,0,1,0,0
Rab12,243,1,-1,0,0,0,0,0,0,1,1,0,0,0,0,0,0,0,0,0,0,0,0,0,0,0,0,0,0,1,1
Zyx,564,1,0,0,0,1,0,0,0,0,0,0,0,0,0,0,0,0,0,0,0,0,0,0,1,1,0,0,0,0,0
Rab11fip1,645,1,0,0,0,0,0,0,0,1,0,0,0,0,0,0,0,0,0,0,0,0,0,0,0,0,0,0,1,0,0
Cxcl16,246,1,1,1,0,0,0,0,0,0,0,0,0,0,0,0,0,0,0,0,0,0,0,0,0,-1,0,0,0,0,0
Pgm1,562,1,0,1,0,0,0,0,1,0,0,0,0,0,-1,0,1,0,0,0,0,0,0,1,1,1,0,1,0,0,0
Dbnl,432,1,0,0,0,0,0,1,0,0,0,0,0,0,-1,0,0,0,1,0,0,0,-1,1,0,0,0,-1,0,0,0
Hydin,5154,1,0,0,1,0,1,0,0,0,0,0,0,1,-1,1,0,0,0,0,0,0,0,0,-1,0,-1,0,1,0,0
Atp13a2,1169,1,0,0,-1,0,0,0,0,0,0,0,0,0,0,0,0,0,0,0,0,0,0,0,0,0,-1,0,0,0,0
Bnip3,187,1,0,0,0,0,-1,-1,0,0,0,0,0,0,0,-1,0,0,0,0,0,0,0,0,0,0,0,0,0,0,0
Pml,95,1,0,0,0,0,0,0,0,0,0,0,0,0,0,0,0,0,0,0,0,0,0,0,-1,0,0,0,-1,0,-1
Coro2a,543,1,0,0,0,0,0,1,0,1,0,0,0,0,0,0,1,0,0,0,0,0,0,0,0,0,0,1,0,0,1
Sec24b,1177,1,0,0,0,0,0,0,0,0,0,0,0,0,0,0,0,0,0,0,0,0,0,0,0,0,0,1,0,0,0
Nos2,136,1,-1,0,0,0,0,-1,0,0,1,-1,0,0,0,0,0,0,0,0,0,-1,0,0,0,0,1,1,0,1,0
Cd274,290,1,1,0,0,0,0,0,0,0,0,0,0,0,0,0,0,1,0,0,0,0,0,0,0,1,-1,0,0,0,0
Actg1,375,1,-1,-1,-1,0,0,0,0,0,0,-1,0,0,0,0,0,0,1,0,0,0,0,0,-1,-1,0,0,1,0,0
Pyhin1,420,1,0,0,-1,0,1,1,0,0,0,0,0,0,0,0,0,0,0,-1,0,-1,0,1,0,0,1,0,0,0,0
Fyb1,819,1,0,1,0,0,0,0,0,0,0,0,-1,-1,0,0,0,0,0,1,0,0,1,0,0,0,0,0,0,0,0
Raf1,648,1,-1,0,0,0,0,0,0,1,0,0,0,0,0,0,0,0,1,-1,0,0,0,-1,0,0,0,0,0,0,0
Arf4,180,1,0,0,0,0,0,0,0,0,0,1,0,0,0,1,1,0,0,1,0,0,0,0,0,0,-1,0,0,0,1
Chmp4b,224,1,0,0,0,0,1,0,0,0,0,0,0,0,1,0,0,1,0,0,0,0,0,0,-1,0,0,0,1,0,1
Carmil1,1374,1,0,-1,-1,0,0,-1,0,0,1,-1,0,0,-1,0,0,1,-1,0,0,0,1,1,0,1,0,0,0,1,1
Cog3,797,1,0,-1,0,0,0,0,0,0,0,-1,0,0,0,-1,1,-1,0,1,-1,1,0,0,0,0,-1,0,1,0,-1
Etv6,485,1,0,-1,0,0,0,0,0,0,0,1,0,-1,1,0,0,0,0,0,0,-1,0,0,0,0,0,0,1,0,0
Adar,1178,1,0,0,0,0,1,0,0,0,0,0,0,0,0,0,0,0,0,0,0,-1,0,0,0,-1,0,0,1,0,1
Fcgr4,249,1,0,0,0,0,0,0,0,0,0,0,0,0,0,0,0,0,0,0,0,0,0,0,1,0,0,0,0,0,-1
Rab20,233,1,1,1,0,-1,0,1,0,0,0,0,0,-1,0,0,0,0,1,0,0,0,0,0,1,0,0,-1,1,1,0
Cdc42ep2,214,1,0,0,1,0,0,0,0,0,1,1,0,0,1,1,0,1,1,-1,1,0,1,-1,0,0,0,0,-1,0,0
Lcp2,533,1,0,0,1,0,0,0,0,1,0,-1,0,0,0,0,0,0,-1,0,0,0,-1,0,0,1,1,0,0,0,1
Prdx1,199,1,0,0,0,0,0,1,0,0,0,0,0,0,0,0,1,0,0,0,0,0,0,-1,0,0,0,1,-1,0,0
Gbp9,619,1,0,0,0,0,0,0,0,0,0,0,0,-1,0,0,0,-1,0,0,0,0,0,0,-1,0,0,-1,0,0,-1
Atg4b,393,1,-1,0,0,0,0,0,0,-1,0,0,1,0,0,-1,0,-1,-1,0,0,-1,0,0,-1,0,0,0,0,0,0
Pfkp,784,1,0,-1,0,-1,0,0,0,0,0,0,0,0,1,0,0,-1,0,0,0,0,-1,0,1,0,0,0,0,0,0
Copz1,182,1,-1,0,0,0,0,-1,0,0,0,0,0,0,1,0,0,0,0,0,-1,0,-1,0,-1,1,0,0,0,1,0
Gda,332,1,0,0,0,0,0,0,0,0,0,0,0,0,-1,0,0,0,0,0,0,0,0,0,0,0,0,0,0,0,0
Dap,102,1,0,0,0,0,-1,0,1,0,-1,0,1,0,0,0,0,0,0,0,1,0,0,0,0,1,0,0,0,1,0
Synj1,1574,1,0,0,0,1,0,0,1,0,0,0,1,0,-1,0,0,0,0,0,0,0,0,-1,0,1,0,1,-1,-1,0
H1-0,194,1,0,-1,0,0,0,0,0,0,0,0,1,0,1,1,0,1,0,0,1,1,0,0,-1,0,0,1,0,0,-1
Hm13,378,1,-1,0,0,0,0,-1,0,0,0,0,0,0,-1,0,0,0,0,0,0,0,0,0,1,0,0,0,0,0,-1
Znfx1,1909,1,-1,-1,1,1,0,0,0,-1,0,1,0,1,0,0,0,0,0,0,1,0,0,0,-1,0,-1,0,0,0,1
Cwc15,229,1,0,0,0,0,1,0,0,0,-1,0,0,1,0,0,1,0,1,0,-1,0,-1,0,0,0,0,0,1,0,0
Mdm2,489,1,0,0,0,0,0,0,0,0,0,-1,0,0,0,0,0,0,0,0,0,0,0,-1,0,-1,0,0,0,1,0
Rilpl2,197,1,-1,-1,0,0,0,1,-1,-1,-1,-1,0,-1,-1,-1,-1,0,0,0,0,1,0,0,0,0,0,0,0,-1,-1
Ifih1,976,1,0,0,0,0,0,0,-1,-1,0,0,1,0,0,0,0,0,0,1,0,1,0,1,0,0,0,0,0,-1,0
Irak3,609,1,0,0,1,0,0,0,1,0,0,0,0,0,0,0,0,0,0,-1,0,0,0,0,0,0,0,-1,0,0,0
Lrch1,709,1,0,0,0,0,0,-1,0,0,0,0,0,0,0,0,0,0,0,0,0,0,0,0,0,0,0,0,0,0,0
Kpna3,521,1,0,-1,0,0,0,0,-1,0,0,1,0,1,0,0,1,0,1,0,1,-1,0,-1,0,0,1,1,0,1,0
Prdx5,210,1,0,0,0,0,0,1,0,0,0,0,1,0,0,0,0,0,1,0,0,0,0,0,0,0,1,0,0,1,1
Parp3,533,1,0,0,1,1,1,0,0,0,0,0,-1,0,0,1,1,1,1,0,0,0,-1,-1,-1,-1,0,0,1,0,0
Atg16l1,607,1,0,0,0,0,1,0,0,-1,0,0,1,0,1,1,0,0,0,-1,-1,0,1,1,1,-1,1,0,0,1,0
Gbp6,611,1,0,0,0,0,0,0,0,0,0,0,0,-1,0,0,0,-1,0,0,0,0,0,0,-1,0,0,-1,0,0,-1
Ifi204,619,1,0,0,-1,0,1,1,0,0,0,0,1,0,0,-1,0,0,0,1,0,0,0,0,0,0,1,0,0,0,0
Itgb7,806,1,0,-1,0,0,0,0,0,0,0,0,0,0,0,0,0,0,0,0,-1,0,-1,0,1,0,0,0,0,0,-1
Snx18,614,1,0,0,1,0,1,0,0,0,-1,0,1,0,-1,0,0,0,-1,0,0,0,1,-1,0,-1,0,0,0,0,0
Acsl1,699,1,-1,0,0,-1,0,0,1,0,0,1,0,0,-1,0,0,-1,0,1,0,0,0,1,0,0,0,0,0,0,0
Syk,629,1,0,0,0,0,0,-1,0,0,0,0,0,0,0,0,0,0,0,0,0,1,-1,-1,0,-1,-1,0,0,0,0
Cnn3,330,1,0,0,0,0,1,0,0,0,0,0,0,0,0,-1,0,1,0,1,0,0,0,1,0,-1,0,0,0,-1,-1
Higd1a,95,1,0,0,0,0,-1,0,0,0,0,0,0,-1,-1,0,0,0,0,1,0,0,1,1,0,1,-1,0,0,0,0
Fndc3a,1198,1,0,-1,0,0,0,0,0,-1,0,0,0,0,0,0,0,-1,0,0,0,0,0,0,0,0,0,0,0,-1,0
Il1b,269,1,0,0,0,0,-1,0,0,0,-1,0,0,0,0,-1,0,-1,-1,0,-1,0,0,0,-1,0,-1,0,0,0,1
Use1,270,1,0,0,0,-1,0,0,0,0,1,0,0,0,0,0,1,0,-1,0,0,0,0,1,0,0,0,1,0,-1,0
Adgre1,790,1,0,0,0,0,0,0,0,0,0,0,0,0,0,0,0,1,0,0,0,0,0,0,0,0,0,0,0,0,0
9930111J21Rik1,844,1,0,0,0,0,0,0,0,0,0,0,1,-1,-1,0,-1,0,0,0,0,0,0,0,0,0,0,0,0,1,0
Arhgdib,200,1,0,-1,1,-1,0,0,0,0,0,-1,-1,0,-1,-1,-1,0,-1,0,1,0,0,0,1,0,0,0,0,1,0
Sphk2,617,1,0,0,0,0,0,0,0,0,0,0,0,0,0,0,0,0,0,-1,0,0,0,0,0,0,0,0,0,1,0
Gk,553,1,0,0,0,1,1,0,0,0,0,0,0,0,0,0,0,-1,0,0,0,0,0,0,1,0,0,0,0,0,0
Ms4a6b,244,1,0,0,0,0,0,0,0,-1,0,0,0,0,0,0,0,0,0,0,0,0,0,0,0,-1,1,0,0,0,0
Tnfrsf1b,474,1,0,0,0,0,0,0,0,0,0,0,0,-1,0,0,0,0,0,0,0,0,0,0,0,0,0,0,0,0,0
Themis2,663,1,-1,0,0,0,0,0,-1,0,0,0,0,0,-1,0,0,0,0,0,1,0,0,1,0,0,0,0,0,0,0
Hmox1,289,1,-1,1,0,0,0,-1,0,0,0,0,-1,0,0,-1,0,0,1,-1,0,0,1,-1,0,0,0,0,0,-1,0
Kdm4a,1064,1,0,0,-1,0,-1,0,0,0,0,0,0,1,0,0,0,0,0,0,0,0,-1,-1,0,1,0,0,0,1,0
Ifitm2,144,1,0,0,0,0,0,0,0,0,0,0,0,0,0,0,0,0,0,0,-1,0,0,1,-1,-1,0,0,0,0,-1
Arfgap2,520,1,0,0,0,0,0,1,0,-1,0,0,0,0,0,1,1,0,1,0,0,0,0,0,1,0,0,0,-1,0,0
Snap23,210,1,-1,0,0,0,0,-1,-1,0,0,0,1,0,0,0,0,0,-1,-1,0,0,-1,0,0,1,1,0,0,0,0
Vrk2,454,1,0,0,1,1,1,-1,1,0,1,0,0,0,0,0,0,-1,0,1,0,0,-1,-1,0,-1,0,0,1,0,0
Patl1,770,1,0,1,0,-1,0,0,-1,-1,0,0,0,-1,-1,-1,-1,-1,0,0,0,0,0,0,-1,-1,-1,-1,-1,0,-1
Fpr1,364,1,-1,0,0,0,0,0,0,0,0,1,0,0,0,0,0,0,0,0,0,0,0,0,0,0,0,0,0,0,0
Hspa4l,838,1,0,0,0,0,0,-1,0,0,0,0,0,0,0,0,0,0,0,1,0,0,0,0,-1,0,0,0,0,-1,0
Gm12185,835,1,0,0,0,0,0,0,0,0,0,0,1,-1,-1,0,0,0,0,0,0,0,1,0,1,0,0,0,0,-1,0
Arfgap3,525,1,0,-1,0,0,1,0,-1,0,0,0,0,0,1,1,0,1,0,0,0,0,0,1,0,0,0,-1,0,0,0
Gda,332,1,0,0,0,0,0,0,0,0,0,0,0,0,-1,0,0,0,0,0,0,0,0,0,0,0,0,0,0,0,0
Apobec3,440,1,0,0,0,1,0,0,0,1,0,0,0,0,0,0,0,0,0,0,0,0,1,1,0,0,0,0,0,1,0
Palld,1408,1,0,-1,0,0,0,0,-1,0,0,0,-1,0,0,0,-1,0,0,-1,-1,0,1,0,0,-1,0,0,0,0,0
Icam1,537,1,0,0,0,1,0,1,0,0,0,0,0,0,0,0,0,0,0,0,0,0,0,0,0,0,-1,0,0,0,0
Rab11a,216,1,0,0,1,-1,-1,-1,0,-1,0,0,0,1,0,0,0,0,0,-1,0,0,0,0,1,0,0,0,0,0,1
Jak3,1100,1,0,0,0,0,-1,-1,0,0,0,0,0,0,1,0,0,0,0,0,0,0,-1,0,0,0,0,0,0,0,0
Itsn1,621,1,0,0,0,0,0,0,0,0,0,0,0,-1,0,0,0,0,0,0,-1,-1,1,0,1,0,-1,0,0,0,0
Plek,350,1,-1,0,1,1,0,1,-1,0,0,0,0,1,1,0,0,0,0,0,0,0,1,0,0,0,0,0,0,0,-1
Gbp7,638,1,0,0,0,0,0,0,-1,0,0,0,0,0,0,-1,0,-1,0,-1,-1,0,1,0,0,0,1,0,0,0,0
Fpr2,351,1,-1,0,0,0,0,0,0,0,0,0,0,-1,0,0,0,0,-1,0,0,0,0,1,0,0,0,0,0,0,0
Sart1,806,1,0,0,0,1,1,0,1,0,-1,1,-1,0,0,0,0,0,0,0,0,0,0,0,0,0,0,-1,0,0,0
Socs3,225,1,0,0,0,0,1,0,0,0,0,0,0,0,1,0,0,-1,0,0,0,1,0,1,0,0,0,0,1,0,-1
Mrtfb,1091,1,-1,0,0,0,0,0,-1,0,-1,-1,-1,0,0,0,0,0,0,0,0,0,0,0,0,0,-1,0,0,0,0
Atp7a,1492,1,-1,0,0,0,-1,0,0,0,0,0,0,0,0,-1,0,0,0,0,0,0,0,0,1,0,0,-1,0,0,0
Nos2,136,1,-1,0,0,0,0,-1,0,0,1,-1,0,0,0,0,0,0,0,0,0,-1,0,0,0,0,1,1,0,1,0
Itpkb,942,1,0,0,0,0,0,0,0,0,0,0,0,0,0,0,0,0,0,-1,0,1,0,0,0,0,1,0,0,0,0
Aif1,147,1,0,0,0,1,-1,0,0,0,0,1,0,0,0,0,0,1,0,0,0,-1,-1,1,0,-1,0,0,0,1,0
Evl,401,1,0,0,-1,-1,0,0,1,1,0,0,0,0,1,0,0,0,0,0,0,0,1,0,0,0,0,0,0,0,0
Usb1,267,1,0,0,0,0,0,0,0,0,0,0,0,0,0,-1,-1,-1,0,-1,0,0,0,0,0,1,0,1,0,0,0
Casp4,255,1,0,1,0,0,0,0,1,-1,0,0,0,1,0,1,1,0,0,0,0,0,0,0,-1,0,1,0,0,0,0
Dnttip2,758,1,0,0,0,1,0,0,0,0,1,0,1,0,0,-1,0,0,0,0,1,1,0,0,0,1,1,0,0,0,0
Abhd16a,558,1,0,1,0,0,0,0,0,0,0,0,1,0,0,1,0,0,1,-1,1,-1,0,-1,1,0,0,0,0,0,0
Samd4b,687,1,0,0,1,-1,0,0,0,0,0,0,0,0,0,1,0,0,0,-1,0,-1,0,0,0,0,0,0,0,0,0
Arl1,181,1,0,0,0,0,0,0,0,0,0,0,0,0,0,0,1,-1,0,1,0,0,0,0,0,0,-1,0,0,0,1
Uba7,977,1,-1,-1,-1,0,0,0,1,0,0,0,0,0,0,0,0,0,0,0,1,0,0,-1,0,1,0,0,0,0,0
Gsdmd,487,1,0,0,0,0,-1,1,0,0,1,0,0,0,1,-1,0,0,0,0,1,0,-1,0,0,0,0,-1,0,0,1
Slc11a1,548,1,0,0,-1,1,0,0,0,1,0,0,1,0,0,0,0,0,0,0,0,0,0,0,0,0,0,0,0,0,0
Prex1,1650,1,-1,0,0,0,0,0,0,0,-1,0,0,0,-1,0,0,0,-1,0,0,0,0,-1,0,1,0,0,0,0,0
Tlr9,1032,1,0,0,1,1,1,0,0,0,0,0,0,0,0,0,0,0,0,0,0,0,-1,0,0,0,0,0,0,0,0
Tut7,1474,1,0,-1,0,0,1,0,0,0,0,1,1,0,1,-1,1,0,0,0,-1,-1,-1,-1,0,1,1,0,0,0,0
Tor1aip1,595,1,0,0,-1,1,0,0,0,-1,0,0,0,-1,0,0,0,0,0,0,0,0,1,0,0,0,1,-1,0,1,1
Nadk,439,1,-1,0,-1,0,-1,1,0,0,0,0,0,-1,0,0,0,-1,0,0,0,0,0,0,0,0,0,0,0,-1,-1
Inpp5b,993,1,-1,0,0,0,0,0,0,-1,0,0,0,-1,0,-1,0,0,0,0,0,0,0,0,0,0,0,1,0,-1,0
Prrc2a,2157,1,0,-1,1,0,0,0,0,0,1,0,1,-1,0,1,1,0,0,0,0,0,0,0,-1,0,0,1,0,1,0
Cnp,400,1,0,0,0,0,0,1,-1,1,0,-1,0,0,0,0,0,0,0,-1,-1,-1,0,0,0,0,0,0,-1,0,1
Poldip3,420,1,0,-1,0,0,0,-1,-1,0,0,1,1,1,0,0,0,0,1,0,1,0,0,0,1,0,0,0,0,0,0
Ist1,362,1,0,0,0,0,0,1,0,-1,1,0,1,0,0,0,1,0,0,0,0,1,0,1,0,0,-1,1,1,1,0
Pla2g4a,740,1,0,0,0,-1,0,0,0,0,0,1,0,0,0,0,0,0,1,0,0,1,0,0,1,0,0,0,0,-1,0
Rassf4,322,1,1,-1,0,0,0,0,0,0,0,0,0,0,0,-1,0,1,0,0,0,1,0,-1,0,0,0,0,0,1,0
Ptpn1,432,1,-1,0,-1,1,-1,0,-1,-1,0,-1,1,0,0,0,0,0,0,0,0,0,-1,0,1,0,-1,0,0,-1,0
Chmp2a,222,1,-1,0,0,0,0,1,1,1,0,0,-1,-1,0,0,1,0,0,0,1,0,0,0,1,0,0,1,-1,0,-1
Samhd1,658,1,-1,0,0,0,0,0,0,0,0,0,0,0,1,-1,0,0,0,1,0,0,0,0,0,0,1,0,0,-1,0
Tpd52,304,1,0,0,-1,0,0,0,0,0,0,0,0,-1,0,0,0,0,0,0,0,0,0,0,0,0,0,-1,0,0,0
Rbm10,852,1,-1,0,-1,1,1,0,0,1,0,-1,1,0,0,1,0,0,0,0,-1,1,0,0,-1,-1,0,0,-1,0,1
Supt6h,1726,1,0,-1,0,0,-1,0,-1,0,-1,-1,0,-1,-1,-1,0,0,0,-1,0,-1,0,0,0,1,0,0,1,1,0
Stat2,923,1,0,0,0,-1,0,0,0,0,0,-1,0,0,0,0,-1,0,0,0,0,0,0,0,0,0,0,0,0,0,-1
Pdk3,415,1,1,0,0,0,1,0,0,1,0,0,0,0,1,0,0,-1,1,0,0,1,0,0,0,0,0,0,0,0,1
Abcc5,208,1,1,-1,0,-1,0,0,1,-1,0,0,0,0,0,0,0,0,1,0,-1,1,-1,1,0,0,0,0,0,0,0
Map2k1,393,1,0,1,1,1,0,0,0,0,0,0,0,0,0,0,-1,0,0,0,0,0,0,0,0,0,0,-1,0,0,0
Stat1,749,1,0,0,0,0,-1,0,0,0,0,-1,0,1,0,0,-1,0,0,0,0,0,0,-1,-1,0,0,0,0,-1,0
Cd200,204,1,0,0,0,0,1,0,0,0,0,0,0,0,0,0,0,1,-1,1,0,0,0,0,-1,0,0,0,0,0,0
Papss2,621,1,0,0,0,0,1,0,0,0,1,1,-1,0,0,1,0,0,0,0,0,0,0,0,0,0,0,0,1,0,1
Tpm4,248,1,0,0,0,0,0,0,-1,0,0,1,1,1,0,0,0,0,0,0,0,0,-1,-1,0,-1,-1,1,0,0,0
Diaph2,1098,1,-1,-1,0,0,0,0,0,0,0,0,0,0,0,0,0,0,0,-1,-1,0,0,0,0,1,0,0,1,1,0
Sh3gl1,333,1,-1,1,1,0,-1,0,0,0,1,0,0,0,-1,0,0,0,1,0,0,-1,0,0,0,0,0,0,0,0,1
Arg2,354,1,0,0,1,0,0,0,0,1,0,0,0,0,0,0,0,0,0,0,0,1,0,0,0,0,0,0,0,0,0
Cbl,913,1,0,0,0,0,1,1,0,0,0,0,0,0,0,0,0,0,0,0,0,0,0,0,0,0,0,0,0,1,-1
Pstpip2,334,1,0,0,0,0,0,1,0,0,0,0,0,0,-1,0,0,0,0,0,0,0,-1,0,0,0,0,0,0,0,0
Tarm1,288,1,0,0,1,0,0,0,0,0,0,0,1,0,0,0,0,0,0,-1,0,0,-1,0,0,0,0,0,1,0,0
Zfand2b,257,1,-1,0,0,-1,0,0,0,0,0,0,-1,0,0,0,0,1,0,-1,0,0,0,0,1,0,-1,0,0,0,0
Cept1,416,1,0,0,0,1,0,0,1,1,1,0,0,-1,0,0,0,-1,0,0,0,0,0,0,0,0,0,0,0,0,0
Kif1c,1100,1,0,0,0,0,0,1,0,0,0,1,0,1,0,0,0,0,1,-1,0,0,0,-1,0,1,0,0,0,0,0
Phactr4,694,1,-1,-1,0,0,-1,-1,0,-1,0,0,0,0,-1,0,0,0,0,0,-1,0,0,-1,0,0,-1,0,0,0,0
Plpp3,312,1,0,0,0,1,0,-1,1,0,0,0,0,-1,0,1,0,0,0,0,0,0,0,0,0,0,0,1,1,0,0
Prkcd,674,1,0,0,0,0,1,0,0,0,0,0,0,-1,0,0,0,0,0,0,-1,-1,-1,0,0,0,0,0,0,0,0
Gm5431,844,1,0,0,0,0,0,0,0,0,0,0,1,-1,-1,0,-1,0,0,0,0,0,0,0,0,0,0,0,0,1,0
Ugdh,493,1,0,-1,0,1,1,0,0,0,0,0,0,0,0,0,0,0,0,0,0,0,0,0,0,0,0,0,0,-1,0
Gramd1a,722,1,0,-1,0,0,0,0,0,0,1,0,0,0,0,0,0,0,0,0,1,1,1,0,0,0,0,0,0,0,1
Gnb4,340,1,0,-1,0,-1,0,0,1,0,-1,0,-1,0,0,1,0,0,0,0,-1,0,1,1,0,0,0,-1,0,0,0
Nup35,325,1,0,0,0,0,0,-1,0,0,0,0,0,0,0,0,-1,0,0,0,0,0,0,0,0,0,0,1,0,0,0
Pip5k1a,546,1,0,0,0,0,0,0,0,0,0,0,0,0,0,0,0,-1,0,0,0,0,0,0,0,0,0,0,0,0,0
Gas7,353,1,0,0,1,0,0,0,1,0,0,0,0,0,0,0,0,0,0,0,0,0,0,0,0,0,0,0,0,0,0
Rab10,200,1,0,1,1,0,0,-1,0,0,0,1,0,0,0,0,0,-1,0,0,0,0,1,0,0,0,0,0,1,0,0
Elf1,2154,1,-1,0,0,1,0,0,0,0,0,0,0,0,0,0,0,0,0,0,0,0,0,0,0,0,0,0,0,-1,0
Slc66a2,271,1,-1,0,-1,0,0,0,0,0,0,0,0,0,0,0,0,0,0,0,0,0,0,0,0,0,0,0,0,0,0
Fmnl2,1086,1,0,0,0,0,0,0,-1,0,0,0,0,-1,0,1,0,0,0,0,0,0,1,0,0,0,0,-1,0,0,-1
Arg1,323,1,0,0,1,0,1,0,0,-1,0,0,0,0,0,0,0,1,0,0,0,1,0,0,0,-1,1,0,0,0,0
Emb,301,1,0,0,0,0,0,0,0,0,0,0,0,0,0,0,0,0,0,0,0,0,0,0,0,0,0,0,0,0,0
Sema4a,760,1,0,0,0,0,0,0,0,-1,0,0,0,0,0,1,0,0,0,0,0,0,0,0,0,0,0,0,0,0,0
Pdlim4,330,1,0,0,0,0,0,0,1,0,0,0,0,0,0,0,1,0,0,0,0,1,-1,0,0,0,0,0,0,0,0
Dnajb6,241,1,0,-1,0,0,-1,0,0,0,0,0,1,0,0,0,0,-1,-1,0,1,1,0,0,1,1,0,0,0,1,0
Gbp5,590,1,0,0,-1,0,0,0,0,-1,0,0,0,0,0,0,0,0,-1,0,0,0,0,0,0,0,-1,0,0,1,0
Ms4a7,267,1,0,0,0,0,0,0,0,0,0,0,0,0,0,0,0,0,0,0,0,0,0,1,0,0,0,0,0,0,0
Igtp,423,1,-1,0,0,0,1,0,0,0,0,0,0,1,0,0,0,0,0,0,0,0,0,0,0,0,1,1,0,0,0
Psat1,370,1,-1,0,0,1,0,0,0,0,0,0,0,0,0,0,1,0,0,0,0,0,0,0,-1,0,0,1,0,0,0
Trex1,314,1,0,0,0,0,0,0,0,0,0,0,0,0,0,0,0,0,-1,0,-1,0,0,0,0,0,0,0,1,0,-1
Trmt1l,460,1,0,0,-1,0,0,0,0,0,0,0,0,0,0,0,0,0,0,0,0,0,0,0,1,0,0,0,0,0,0
Scfd1,639,1,0,0,0,1,0,0,0,0,0,0,0,1,-1,1,0,0,0,0,0,1,1,0,0,0,0,0,0,0,0
Cd86,309,1,-1,0,1,0,0,0,0,0,0,0,0,0,0,0,0,0,0,0,0,0,-1,0,0,0,0,-1,0,0,0
Dock4,1978,1,0,0,0,0,-1,0,-1,1,0,0,0,0,0,0,0,0,1,0,0,0,0,0,0,0,0,0,-1,0,0
Micos13,119,1,0,0,1,0,0,0,0,0,1,0,0,0,1,0,0,0,0,0,0,0,0,0,0,0,0,-1,0,-1,0
Rpp14,122,1,0,0,0,0,0,-1,1,0,0,0,1,0,0,0,-1,0,0,0,0,1,0,0,0,-1,0,0,-1,0,0
Ehd1,534,1,0,0,0,0,0,1,-1,0,1,1,1,1,-1,0,-1,0,0,0,0,0,0,-1,0,0,1,0,0,0,0
Tm9sf4,643,1,0,0,0,0,0,0,0,0,1,0,0,0,0,0,0,0,0,0,1,0,0,0,0,0,0,0,0,0,0
Scamp3,349,1,0,0,0,1,-1,0,0,0,0,0,0,-1,0,0,-1,0,-1,0,0,0,0,-1,0,0,0,0,0,0,1
Cd40,289,1,0,0,0,0,1,0,0,0,0,0,0,0,0,0,0,0,0,0,0,0,0,0,0,0,0,0,-1,1,0
Rab3ip,428,1,0,0,-1,0,0,-1,0,0,0,-1,0,0,0,0,0,0,0,0,0,-1,0,0,0,0,0,-1,0,0,0
Ppa1,289,1,0,0,0,0,0,-1,-1,1,0,0,0,0,0,0,-1,0,1,0,0,0,1,0,-1,1,0,0,0,0,0
Mertk,994,1,0,0,0,0,0,0,0,0,0,0,0,0,0,0,0,0,0,0,0,0,0,-1,1,0,-1,-1,0,-1,0
Fam162a,155,1,0,0,0,0,0,0,1,0,0,0,0,0,0,0,1,0,0,-1,1,0,0,0,0,0,0,1,0,0,1
Dnaja1,397,1,0,1,-1,0,0,0,0,-1,0,0,0,0,1,0,0,0,0,0,-1,-1,0,1,1,0,0,1,1,0,0
Dhx58,678,1,-1,0,1,0,0,0,0,-1,0,0,0,0,0,0,-1,0,1,0,0,0,0,0,0,0,0,0,0,0,1
Casp3,277,1,-1,0,0,1,0,0,0,-1,0,1,0,0,0,0,0,-1,0,1,0,0,0,0,0,1,0,0,-1,0,0
Plcl2,1128,1,0,-1,0,0,1,0,0,0,0,0,0,0,0,0,0,0,0,0,0,0,0,0,1,0,0,0,1,0,0
Eif2ak2,515,1,0,0,-1,0,0,0,0,0,0,-1,1,0,0,1,0,1,0,0,0,0,0,0,0,0,0,1,-1,0,0
Fpr2,351,1,-1,0,0,0,0,0,0,0,0,0,0,-1,0,0,0,0,-1,0,0,0,0,1,0,0,0,0,0,0,0
Actc1,377,1,0,-1,-1,-1,-1,0,0,0,0,0,0,-1,0,0,0,0,0,0,1,0,0,0,0,0,-1,-1,0,0,1
Wipf1,493,1,0,0,0,0,0,0,0,0,0,0,0,0,0,0,0,0,0,0,0,-1,1,0,0,0,0,1,0,-1,0
Sdhaf2,164,1,0,0,0,0,0,0,0,0,0,0,1,0,0,0,1,0,0,0,0,0,0,0,0,0,0,0,0,0,1
Gbp4,644,1,1,0,0,1,0,0,0,0,0,0,0,0,0,0,0,0,0,0,0,0,0,0,0,0,-1,0,0,0,-1
Rbpj,526,1,0,0,0,0,0,0,0,0,1,0,0,0,1,0,1,0,1,0,1,0,0,0,0,0,0,0,-1,0,0
Isy1,285,1,0,1,0,0,-1,1,0,0,0,0,0,0,1,0,1,0,0,0,0,-1,-1,0,1,0,1,-1,1,1,0
Jak2,1132,1,0,0,0,0,0,0,0,0,-1,0,-1,0,0,0,0,0,0,0,0,0,0,0,-1,0,0,0,0,0,0
Mmp13,472,1,0,0,0,0,0,0,0,0,0,0,0,0,0,0,0,0,0,0,0,0,0,0,0,0,-1,-1,-1,-1,-1
Tns1,193,1,0,1,0,1,-1,0,0,0,-1,0,0,-1,0,0,0,0,-1,-1,0,1,1,0,1,0,1,0,0,0,0
Src,535,1,0,0,0,1,0,1,0,1,-1,0,0,0,1,1,1,0,0,-1,0,0,-1,0,0,0,0,0,0,0,0
Siglec12,467,1,0,0,0,0,0,0,0,0,0,0,0,0,1,0,0,-1,0,0,0,0,0,-1,0,0,0,0,0,0,-1
Slc9a3r1,355,1,0,0,-1,0,0,0,0,-1,0,0,0,1,0,0,0,0,-1,1,0,0,0,0,0,0,0,0,0,0,0
Tcof1,1356,1,0,-1,0,1,1,1,1,-1,0,0,0,0,0,0,0,0,0,0,0,0,0,0,0,1,0,0,1,-1,0
