Gene,SeqLength,R1,R2,R3,R4,R5,R6,R7,R8,R9,R10,R11,R12,R13,R14,R15,R16,R17,R18,R19,R20,R21,R22,R23,R24,R25,R26,R27,R28,R29,R30
Acin1,681,1,0,0,0,0,-1,1,0,0,0,0,-1,1,0,-1,0,0,0,1,0,0,0,0,0,0,0,0,0,0,0
Abhd16a,398,1,1,1,1,0,-1,0,0,0,0,-1,0,-1,1,0,0,0,0,0,0,0,0,0,0,0,0,0,0,0,0
9930111J21Rik1,844,1,0,0,0,0,0,0,0,0,0,0,1,-1,-1,0,-1,0,0,0,0,0,0,0,0,0,0,0,0,1,0
Acsl1,210,1,0,1,0,-1,0,0,1,0,1,0,1,0,0,0,0,0,0,0,0,0,0,0,1,-1,-1,0,1,1,1
Adar,1380,1,0,-1,0,1,0,0,0,0,0,0,0,0,1,1,1,0,0,0,0,0,-1,0,1,0,0,0,0,1,0
Actg1,3784,1,0,1,0,0,0,0,0,0,1,0,-1,0,1,0,0,0,0,0,0,0,-1,-1,0,-1,0,0,0,0,0
Agfg1,907,1,0,0,0,0,0,0,0,0,0,0,0,0,0,0,0,0,0,0,-1,0,0,0,1,0,0,-1,0,0,0
Akt3,479,1,0,-1,0,0,0,0,1,-1,0,0,0,0,1,1,0,-1,0,0,1,0,0,1,0,1,0,0,0,0,1
Arfgap2,150,1,0,0,0,0,0,0,0,0,0,-1,0,0,0,0,1,1,0,0,0,0,0,0,0,0,-1,0,0,1,0
Actc1,377,1,0,-1,-1,-1,-1,0,0,0,0,0,0,-1,0,0,0,0,0,0,1,0,0,0,0,0,-1,-1,0,0,1
Arg2,354,1,0,0,1,0,0,0,0,1,0,0,0,0,0,0,0,0,0,0,0,1,0,0,0,0,0,0,0,0,0
Arl1,181,1,0,0,0,0,0,0,0,0,0,0,0,0,0,0,1,-1,0,1,0,0,0,0,0,0,-1,0,0,0,1
Arfgap3,525,1,0,-1,0,0,1,0,-1,0,0,0,0,0,1,1,0,1,0,0,0,0,0,1,0,0,0,-1,0,0,0
Arrdc2,407,1,0,0,-1,1,0,1,0,0,0,0,-1,0,-1,0,0,1,0,0,0,-1,0,0,0,0,0,0,0,0,0
Atg16l1,784,1,0,1,0,0,0,0,0,0,0,0,0,0,0,0,0,0,0,0,1,1,0,0,0,0,-1,0,0,0,0
Atg4b,121,1,0,0,-1,1,0,0,1,0,1,1,0,0,0,-1,1,0,1,-1,0,0,0,0,1,-1,0,0,0,0,1
Ampd3,766,1,0,1,0,0,0,1,0,0,0,0,-1,0,-1,-1,0,0,1,0,0,0,-1,1,0,0,0,1,0,0,1
Ass1,464,1,0,0,-1,0,0,1,0,0,0,0,1,0,0,0,0,0,-1,0,0,0,-1,1,0,0,0,0,0,0,0
Atp7a,1491,1,-1,0,0,0,-1,0,0,0,0,0,0,0,0,-1,0,0,0,0,0,0,0,0,1,0,0,-1,0,0,0
Bsg,269,1,0,0,0,0,-1,0,0,0,-1,0,0,0,0,-1,0,-1,-1,0,-1,0,0,0,-1,0,-1,0,0,0,1
Casp3,192,1,0,0,0,0,-1,-1,0,0,0,0,0,1,-1,0,0,0,0,-1,0,0,0,0,0,0,0,-1,-1,0,0
Cbl,427,1,0,1,0,1,1,-1,0,0,0,0,0,0,-1,0,0,-1,0,0,0,0,0,0,1,1,0,0,0,0,1
B4galt5,388,1,1,0,1,1,0,0,0,1,0,0,1,1,0,0,0,0,0,0,0,0,0,0,0,0,0,0,0,0,0
Ccrl2,247,1,0,0,0,0,-1,0,0,0,0,0,0,0,0,0,0,0,1,1,0,0,0,0,0,0,0,0,0,0,0
Carmil1,1374,1,0,-1,-1,0,0,-1,0,0,1,-1,0,0,-1,0,0,1,-1,0,0,0,1,1,0,1,0,0,0,1,1
Ccdc88b,1481,1,-1,0,0,1,0,0,1,0,1,0,0,0,0,0,0,0,0,0,0,0,0,0,0,0,0,0,0,0,-1
Ccr1,359,1,0,-1,0,1,0,-1,1,0,0,0,-1,-1,0,0,0,0,-1,0,-1,0,0,0,0,0,0,0,0,0,0
Casp7,487,1,0,0,0,0,-1,1,0,0,1,0,0,0,1,-1,0,0,0,0,1,0,-1,0,0,0,0,-1,0,0,1
Cdc42ep4,205,1,0,0,0,0,0,0,0,0,0,1,0,0,0,0,0,-1,0,0,0,0,1,0,0,0,0,0,0,0,0
Cdc5l,448,1,0,0,0,1,0,-1,-1,0,-1,-1,0,0,-1,0,0,-1,-1,0,0,0,0,0,0,0,0,0,1,1,0
Cd74,523,1,0,0,0,0,0,0,0,0,0,0,0,0,0,0,0,0,0,0,0,0,0,0,0,0,0,-1,0,0,0
Cd40,424,1,0,0,0,0,0,0,0,0,0,0,0,0,-1,0,0,0,0,0,0,0,0,0,0,0,0,0,-1,0,0
Cflar,971,1,0,-1,-1,-1,0,0,0,0,0,0,0,0,0,0,0,0,0,0,0,0,0,0,0,0,0,-1,0,0,0
Cept1,416,1,0,0,0,1,0,0,1,1,1,0,0,-1,0,0,0,-1,0,0,0,0,0,0,0,0,0,0,0,0,0
Cdkn1a,159,1,0,0,0,0,-1,0,1,0,0,0,0,1,0,1,0,0,1,0,0,0,0,0,0,-1,0,-1,0,0,1
Cmpk2,447,1,0,0,0,0,1,0,1,0,0,0,0,0,0,1,0,0,1,1,0,0,0,1,0,0,0,0,0,0,0
Cmtr1,837,1,1,1,1,0,-1,0,-1,0,0,0,0,0,1,1,0,1,1,0,0,-1,0,0,1,0,0,0,0,0,0
Cnn3,330,1,0,0,0,0,1,0,0,0,0,0,0,0,0,-1,0,1,0,1,0,0,0,1,0,-1,0,0,0,-1,-1
Coro2a,524,1,0,0,0,0,0,0,1,0,0,1,0,1,0,0,0,0,1,0,0,0,1,-1,0,0,0,-1,0,0,0
Chmp4b,802,1,1,0,0,0,0,0,0,0,0,0,0,0,0,0,0,0,0,0,1,0,-1,-1,-1,0,-1,0,-1,0,0
Cnp,1022,1,0,0,0,0,0,0,0,0,0,0,0,0,0,0,0,0,1,0,0,0,0,1,0,0,0,0,0,0,0
Dbnl,1730,1,-1,0,0,0,0,0,0,0,0,0,1,0,0,0,0,-1,0,0,0,0,1,0,0,1,0,-1,0,0,0
Crk,182,1,0,0,0,0,0,0,0,0,0,0,0,0,0,0,0,0,0,0,0,0,0,-1,0,0,1,0,0,0,0
Dennd1a,1016,1,0,0,1,0,1,0,0,0,-1,0,0,0,-1,0,0,0,-1,0,0,0,0,1,0,0,0,0,0,0,-1
Cybb,570,1,0,0,0,0,0,0,-1,0,0,0,0,0,0,0,0,0,0,0,0,0,0,0,0,0,0,0,0,0,0
Cxcl16,736,1,-1,0,0,0,0,0,1,-1,-1,0,0,-1,0,0,0,0,0,0,0,0,0,1,1,0,0,0,-1,1,0
Dnajb6,337,1,0,0,0,-1,-1,0,0,0,0,0,0,0,0,0,0,0,0,0,0,0,0,-1,0,1,1,0,0,-1,0
Dnttip2,599,1,0,0,0,0,0,0,1,0,0,0,0,0,0,0,0,0,0,0,0,0,-1,0,-1,0,0,0,1,0,0
Dnaja2,412,1,0,0,0,0,-1,0,1,0,0,-1,0,0,0,0,0,0,0,0,0,-1,0,-1,0,1,1,0,0,1,1
Dtx3l,748,1,0,0,0,0,-1,0,0,0,0,0,0,0,1,0,1,-1,0,0,0,1,0,0,1,1,0,-1,0,0,0
Ehd1,230,1,0,0,0,0,0,1,0,0,0,0,1,-1,1,0,0,0,0,-1,0,0,0,0,0,0,0,0,0,1,0
Dock4,1978,1,0,0,0,0,-1,0,-1,1,0,0,0,0,0,0,0,0,1,0,0,0,0,0,0,0,0,0,-1,0,0
Diaph2,612,1,-1,0,0,0,-1,0,0,-1,0,0,-1,0,0,-1,1,0,0,0,0,0,0,-1,0,0,-1,1,0,0,1
Emb,625,1,0,0,0,0,0,0,-1,-1,0,0,0,1,1,0,0,0,1,1,1,0,0,0,0,0,0,1,0,1,0
Etv6,588,1,0,0,0,0,0,0,0,-1,0,1,0,-1,0,0,0,0,0,-1,0,0,0,0,0,-1,0,1,0,-1,0
Evl,564,1,0,0,0,1,0,0,0,0,0,0,0,0,0,0,0,0,0,0,0,0,0,0,1,1,0,0,0,0,0
Eef1akmt4-Ece2,881,1,0,0,0,1,0,0,0,0,0,0,-1,0,0,-1,1,0,0,0,0,1,0,0,0,0,0,-1,0,1,0
Elf1,83,1,0,1,1,1,0,1,1,1,0,0,0,1,1,1,0,0,0,0,0,-1,0,0,0,0,0,0,0,0,0
Fmnl2,1040,1,0,0,0,0,0,0,-1,0,0,0,0,-1,0,1,0,0,0,0,0,0,1,0,0,0,0,-1,0,0,-1
Eif2ak2,515,1,0,0,-1,0,0,0,0,0,0,-1,1,0,0,1,0,1,0,0,0,0,0,0,0,0,0,1,-1,0,0
Fndc3a,1198,1,0,-1,0,0,0,0,0,-1,0,0,0,0,0,0,0,-1,0,0,0,0,0,0,0,0,0,0,0,-1,0
Fcgr1,1214,1,1,0,0,0,0,0,0,0,0,0,0,0,0,0,0,0,0,0,0,1,0,0,0,0,0,-1,0,0,0
Ero1a,464,1,0,1,0,0,0,0,0,0,0,0,0,0,0,0,0,0,0,1,0,0,0,0,-1,-1,1,1,0,-1,0
Fyttd1,249,1,0,0,0,0,0,0,1,0,0,0,1,0,0,0,1,0,0,0,0,-1,1,0,0,0,0,0,1,0,1
Gas7,421,1,0,0,0,0,0,1,0,0,0,0,0,0,0,0,0,-1,-1,0,0,0,0,0,0,0,0,0,0,0,0
Fpr1,364,1,-1,0,0,0,0,0,0,0,0,1,0,0,0,0,0,0,0,0,0,0,0,0,0,0,0,0,0,0,0
Fpr2,351,1,-1,0,0,0,0,0,0,0,0,0,0,-1,0,0,0,0,-1,0,0,0,0,1,0,0,0,0,0,0,0
Gclm,274,1,0,0,-1,0,1,0,0,0,0,0,0,0,1,0,0,0,0,0,0,0,0,0,0,0,0,0,0,0,1
Gbp5,590,1,0,0,-1,0,0,0,0,-1,0,0,0,0,0,0,0,0,-1,0,0,0,0,0,0,0,-1,0,0,1,0
Gbp2,409,1,1,0,0,0,0,0,0,-1,0,0,0,0,0,0,0,0,0,-1,0,0,0,0,0,0,0,0,0,0,0
Gfpt1,697,1,0,0,0,0,0,0,0,0,0,0,0,0,1,0,1,1,-1,0,0,-1,0,0,0,1,0,0,0,1,0
Gmfg,142,1,0,-1,0,0,0,0,0,-1,0,-1,0,-1,0,1,-1,0,0,1,1,0,1,0,1,1,-1,0,0,0,0
Gde1,331,1,0,0,0,-1,-1,0,0,0,0,0,0,0,0,0,0,0,0,0,0,0,0,0,0,0,1,0,0,0,0
Gng12,72,1,0,0,1,0,0,0,0,0,0,0,0,0,0,1,1,0,0,0,0,0,1,0,-1,0,0,0,-1,1,0
Gbp7,339,1,0,0,0,0,0,0,1,0,-1,0,-1,0,-1,0,0,0,-1,-1,0,0,0,0,0,0,0,0,-1,0,-1
Gpr84,396,1,0,0,0,0,-1,0,0,0,0,0,0,0,-1,0,0,0,0,0,1,0,0,0,0,0,0,0,0,0,0
Gramd1a,722,1,0,-1,0,0,0,0,0,0,1,0,0,0,0,0,0,0,0,0,1,1,1,0,0,0,0,0,0,0,1
Gripap1,274,1,0,0,0,0,0,-1,0,0,1,0,0,0,0,0,0,0,0,0,1,-1,0,0,0,0,0,0,0,0,0
Gk,2050,1,0,0,0,0,1,1,-1,1,-1,1,-1,0,0,1,1,-1,1,1,-1,1,1,-1,1,1,-1,1,0,0,0
H1-0,194,1,0,-1,0,0,0,0,0,0,0,0,1,0,1,1,0,1,0,0,1,1,0,0,-1,0,0,1,0,0,-1
Gsdmd,656,1,0,0,-1,0,0,0,-1,0,0,1,0,0,0,0,-1,0,0,-1,1,0,-1,0,-1,0,0,0,0,0,1
Hck,786,1,0,0,0,0,0,0,0,0,0,0,0,-1,0,0,0,0,0,0,0,0,0,0,0,0,0,0,0,-1,0
Golga5,729,1,0,0,0,0,-1,0,0,0,1,0,-1,-1,0,0,0,1,0,-1,0,0,0,0,0,0,0,1,1,-1,0
Gsr,418,1,0,0,0,-1,0,-1,0,0,0,0,1,0,0,0,1,0,0,-1,0,0,0,0,0,0,0,0,0,0,0
Higd1a,95,1,0,0,0,0,-1,0,0,0,0,0,0,-1,-1,0,0,0,0,1,0,0,1,1,0,1,-1,0,0,0,0
Hmgcs1,520,1,0,0,0,0,0,0,0,0,-1,0,0,0,0,1,-1,0,0,0,0,0,0,-1,0,0,0,0,0,0,0
Icam1,537,1,0,0,0,1,0,1,0,0,0,0,0,0,0,0,0,0,0,0,0,0,0,0,0,0,-1,0,0,0,0
Hmox1,289,1,-1,1,0,0,0,-1,0,0,0,0,-1,0,0,-1,0,0,1,-1,0,0,1,-1,0,0,0,0,0,-1,0
Hm13,267,1,0,0,0,0,0,0,0,0,0,0,0,0,0,0,1,0,0,0,0,0,0,0,0,0,0,0,0,1,0
Igtp,424,1,0,1,0,0,0,0,0,-1,0,0,0,0,0,0,0,0,0,0,0,0,0,0,0,0,0,0,-1,0,0
Ifi204,134,1,1,0,0,0,0,0,1,0,0,1,1,0,0,0,0,-1,0,0,0,0,0,0,1,0,1,0,0,0,-1
Ifitm2,481,1,0,0,0,-1,0,0,0,0,0,0,0,0,0,0,0,0,0,0,0,0,0,-1,0,0,1,0,0,0,0
Il1a,270,1,0,1,0,0,-1,0,0,-1,-1,0,1,0,0,0,0,-1,0,-1,-1,0,0,0,0,0,-1,0,0,0,0
Iigp1,393,1,0,-1,0,0,0,0,0,0,0,0,0,0,0,0,0,0,0,0,0,0,0,0,0,1,0,0,-1,0,0
Ifih1,1025,1,0,0,0,0,0,0,-1,-1,0,0,1,0,0,0,0,0,0,1,0,1,0,1,0,0,0,0,0,-1,0
Ikbke,610,1,-1,0,0,0,-1,-1,-1,0,0,0,0,0,0,-1,0,0,0,0,0,-1,0,0,0,-1,0,0,0,-1,0
Irgm1,342,1,1,1,-1,0,0,0,0,0,0,0,0,0,0,1,-1,0,0,0,0,0,0,0,0,0,0,0,-1,1,0
Il1b,269,1,0,0,0,0,-1,0,0,0,-1,0,0,0,0,-1,0,-1,-1,0,-1,0,0,0,-1,0,-1,0,0,0,1
Il15ra,263,1,0,0,0,0,0,1,0,0,0,0,0,0,0,0,0,0,0,0,0,0,0,0,0,0,0,0,0,1,0
Il36g,574,1,0,0,0,0,0,0,0,0,0,0,0,0,0,0,0,0,0,0,0,0,-1,0,0,-1,-1,0,0,0,0
Itga5,1053,1,0,0,0,0,0,1,0,0,1,0,0,0,0,0,0,0,0,1,0,0,0,1,1,0,0,0,0,0,0
Il1rn,178,1,-1,0,0,0,0,0,0,0,0,0,0,0,0,0,0,0,0,0,0,0,0,-1,0,0,0,1,0,0,0
Irak3,609,1,0,0,1,0,0,0,1,0,0,0,0,0,0,0,0,0,0,-1,0,0,0,0,0,0,0,-1,0,0,0
Itgal,300,1,0,0,-1,0,1,0,0,1,1,0,0,0,0,0,0,0,0,0,0,0,0,0,0,0,0,1,0,0,0
Jak3,529,1,0,1,0,0,0,0,0,0,0,0,0,0,0,0,0,0,0,0,0,0,-1,0,0,0,0,0,-1,0,0
Kdm4a,327,1,0,0,0,0,-1,1,0,1,0,0,0,0,0,0,1,0,0,0,1,0,0,0,0,-1,1,-1,1,1,1
Itsn1,538,1,0,0,0,0,1,-1,0,0,1,0,1,0,0,1,0,1,0,0,0,0,-1,-1,0,1,1,1,1,-1,-1
Kif1c,1014,1,0,-1,-1,0,1,0,0,1,0,0,0,0,1,1,1,0,1,-1,0,0,0,1,0,0,0,0,0,0,0
Itpkb,405,1,-1,1,0,0,1,0,0,0,0,0,0,0,0,0,0,0,0,1,-1,0,0,0,0,0,0,0,0,0,0
Ist1,362,1,0,0,0,0,0,1,0,-1,1,0,1,0,0,0,1,0,0,0,0,1,0,1,0,0,-1,1,1,1,0
Lage3,148,1,0,0,0,0,0,0,0,0,0,0,0,-1,0,0,-1,0,0,0,0,1,0,0,0,0,0,0,0,0,1
Limd2,128,1,0,0,0,0,0,0,0,0,0,0,0,0,0,-1,0,1,0,0,0,0,0,0,0,0,0,1,0,1,0
Lcp2,665,1,0,0,0,0,0,0,0,0,0,0,0,0,0,0,0,0,0,0,0,0,0,0,0,0,0,0,1,0,0
Lrch1,709,1,0,0,0,0,0,-1,0,0,0,0,0,0,0,0,0,0,0,0,0,0,0,0,0,0,0,0,0,0,0
Kpna4,521,1,0,-1,0,-1,1,0,-1,0,0,1,0,1,0,0,1,0,1,0,1,-1,0,-1,0,0,1,1,0,1,0
Lgi2,550,1,0,0,0,1,0,0,0,0,0,0,0,0,0,0,0,0,0,0,0,0,0,0,0,0,0,0,1,1,0
Lpin2,893,1,0,0,0,0,0,0,0,0,0,0,0,0,0,0,1,-1,0,0,1,0,0,0,0,0,0,0,0,0,0
Lilrb3,844,1,0,0,0,0,0,0,0,0,1,0,0,0,0,0,0,0,0,0,0,0,0,0,0,0,0,0,1,0,0
Map2k6,360,1,0,0,-1,1,0,0,0,0,1,0,-1,0,0,1,0,0,0,-1,0,0,-1,1,0,0,0,0,0,0,0
M6pr,307,1,0,0,1,0,0,0,0,0,0,0,0,0,0,0,0,0,0,0,0,0,0,0,0,0,1,0,1,0,0
Ly6i,134,1,-1,0,0,0,0,0,1,0,0,0,0,0,0,0,0,0,0,0,0,0,-1,1,0,0,0,0,-1,0,0
Lrrc8c,803,1,0,0,0,0,-1,0,1,0,0,0,-1,0,0,0,0,0,0,0,0,1,0,0,0,-1,0,0,0,0,0
Map2k4,427,1,0,1,0,1,1,-1,0,0,0,0,0,0,-1,0,0,-1,0,0,0,0,0,0,1,1,0,0,0,0,1
Lst1,95,1,0,-1,-1,0,0,0,0,0,0,0,0,0,0,0,0,0,0,0,0,0,0,0,0,0,0,0,0,0,0
Mapk7,431,1,0,0,1,0,-1,0,0,1,0,0,0,0,0,0,1,0,1,0,0,0,0,0,0,0,0,0,0,1,0
Marcksl1,194,1,0,0,0,0,0,0,0,1,0,0,0,0,-1,1,0,0,0,0,0,-1,-1,0,0,0,0,0,1,0,0
Mcmbp,734,1,0,0,0,-1,-1,0,0,0,0,0,0,-1,0,0,0,0,-1,0,0,0,-1,-1,0,0,0,1,1,0,0
Mertk,466,1,0,0,0,0,0,0,0,0,0,0,0,0,0,0,0,0,0,0,0,0,0,-1,1,0,-1,-1,0,-1,0
Marco,584,1,0,0,0,0,0,0,0,0,0,-1,1,0,-1,0,0,0,-1,0,0,0,0,0,0,0,0,0,0,0,0
Mdm2,531,1,0,0,1,0,0,0,0,0,0,0,0,0,0,0,0,0,0,0,0,0,0,0,0,0,0,0,0,0,0
Mff,250,1,0,-1,0,0,1,0,0,0,-1,0,-1,0,0,-1,0,0,0,0,1,0,1,0,0,-1,1,0,1,0,0
Micos13,119,1,0,0,1,0,0,0,0,0,1,0,0,0,1,0,0,0,0,0,0,0,0,0,0,0,0,-1,0,-1,0
Ms4a6b,244,1,0,0,0,0,0,0,0,-1,0,0,0,0,0,0,0,0,0,0,0,0,0,0,0,-1,1,0,0,0,0
Mlh1,3329,1,0,0,-1,0,1,1,1,0,0,0,0,-1,0,0,1,0,1,0,0,0,0,-1,0,0,0,0,0,0,0
Mrpl10,262,1,0,0,0,0,0,0,0,0,1,0,0,0,0,0,1,0,0,0,0,0,0,0,0,0,0,1,0,0,0
Ms4a6c,217,1,0,0,0,0,0,0,0,-1,0,0,0,0,0,0,0,0,0,0,0,0,0,0,1,-1,-1,0,0,0,0
Ninj1,277,1,-1,0,0,1,0,0,0,-1,0,1,0,0,0,0,0,-1,0,1,0,0,0,0,0,1,0,0,-1,0,0
Mnda,425,1,0,0,-1,0,1,1,0,0,0,0,1,0,0,-1,0,0,0,1,0,0,0,0,0,0,1,0,0,0,0
Nos2,1031,1,0,0,1,0,0,0,1,0,0,1,-1,1,0,0,0,0,-1,-1,0,0,0,0,0,0,-1,0,0,0,0
Ms4a7,267,1,0,0,0,0,0,0,0,0,0,0,0,0,0,0,0,0,0,0,0,0,0,1,0,0,0,0,0,0,0
Nadk,439,1,-1,0,-1,0,-1,1,0,0,0,0,0,-1,0,0,0,-1,0,0,0,0,0,0,0,0,0,0,0,-1,-1
Nrbp1,1067,1,0,1,1,1,0,0,1,0,0,0,0,0,0,-1,-1,0,0,0,-1,0,0,0,0,0,0,0,0,-1,0
Parp3,533,1,0,0,1,1,1,0,0,0,0,0,-1,0,0,1,1,1,1,0,0,0,-1,-1,-1,-1,0,0,1,0,0
Pdlim4,2453,1,0,0,0,0,0,-1,0,0,-1,0,1,0,0,0,0,0,-1,-1,-1,0,0,0,0,0,0,0,0,0,-1
Palld,979,1,1,0,0,1,0,1,0,1,1,0,-1,0,0,-1,0,0,1,0,-1,-1,1,0,0,0,0,0,-1,0,0
Nup35,325,1,0,0,0,0,0,-1,0,0,0,0,0,0,0,0,-1,0,0,0,0,0,0,0,0,0,0,1,0,0,0
Pdk3,391,1,1,1,0,0,0,0,0,0,0,0,0,0,0,0,0,0,0,1,0,0,0,1,0,0,0,0,0,0,1
Patl1,983,1,-1,1,0,0,0,-1,0,-1,0,0,-1,0,0,0,-1,0,1,1,0,0,0,0,1,0,0,0,1,0,0
Phactr2,514,1,0,0,0,0,0,0,0,0,0,0,0,0,0,0,0,-1,0,0,-1,1,0,0,0,0,0,0,-1,0,0
Pex7,1038,1,0,0,1,0,0,0,0,0,0,0,0,0,0,0,-1,0,0,0,1,1,0,1,0,0,0,1,0,0,0
Pgm1,562,1,0,1,0,0,0,0,1,0,0,0,0,0,-1,0,1,0,0,0,0,0,0,1,1,1,0,1,0,0,0
Plek,350,1,-1,0,1,1,0,1,-1,0,0,0,0,1,1,0,0,0,0,0,0,0,1,0,0,0,0,0,0,0,-1
Pip5k1a,929,1,-1,0,1,-1,0,0,0,-1,0,1,0,0,-1,0,-1,0,0,0,0,0,0,0,0,0,-1,1,-1,0,0
Phactr4,694,1,-1,-1,0,0,-1,-1,0,-1,0,0,0,0,-1,0,0,0,0,0,-1,0,0,-1,0,0,-1,0,0,0,0
Pml,180,1,0,0,0,0,0,0,1,1,0,1,0,0,0,-1,0,-1,0,1,0,0,0,0,0,0,-1,0,0,0,1
Plaat3,162,1,0,0,0,0,0,-1,0,1,0,0,-1,0,0,-1,0,0,1,0,0,0,1,0,0,0,0,0,0,0,-1
Pomp,221,1,0,0,0,1,0,0,0,-1,0,-1,0,0,0,0,0,1,0,-1,0,0,0,0,1,0,0,0,-1,0,0
Pfkl,2444,1,0,0,-1,0,-1,0,0,0,1,0,0,0,0,0,1,0,1,-1,0,0,0,-1,0,0,0,0,1,0,-1
Pla2g4a,740,1,0,0,0,-1,0,0,0,0,0,1,0,0,0,0,0,0,1,0,0,1,0,0,1,0,0,0,0,-1,0
Ppfibp2,882,1,0,0,-1,0,0,0,0,0,-1,0,0,0,-1,0,0,-1,0,0,0,0,0,0,1,0,0,0,-1,0,0
Plpp3,312,1,0,0,0,1,0,-1,1,0,0,0,0,-1,0,1,0,0,0,0,0,0,0,0,0,0,0,1,1,0,0
Poldip3,420,1,0,-1,0,0,0,-1,-1,0,0,1,1,1,0,0,0,0,1,0,1,0,0,0,1,0,0,0,0,0,0
Prkcd,382,1,0,-1,0,0,0,0,0,1,0,0,-1,1,0,0,0,0,0,0,0,0,0,1,0,0,0,0,0,0,0
Prrc2c,2846,1,0,-1,1,0,0,0,0,0,1,0,1,-1,0,1,1,0,0,0,0,0,0,0,0,0,0,1,0,1,0
Prdx5,210,1,0,0,0,0,0,1,0,0,0,0,1,0,0,0,0,0,1,0,0,0,0,0,0,0,1,0,0,1,1
Psat1,370,1,-1,0,0,1,0,0,0,0,0,0,0,0,0,0,1,0,0,0,0,0,0,0,-1,0,0,1,0,0,0
Prrc2a,2158,1,0,-1,1,0,0,0,0,0,1,0,1,-1,0,1,1,0,0,0,0,0,0,0,-1,0,0,1,0,1,0
Pxk,582,1,0,0,0,-1,1,0,0,0,0,1,0,0,0,-1,-1,0,0,0,0,0,0,0,0,-1,0,0,0,0,0
Ppp2r5a,486,1,0,0,0,0,0,0,0,0,0,0,0,0,0,0,0,0,0,-1,1,0,-1,0,0,0,1,1,0,0,1
Ptpn1,432,1,-1,0,-1,1,-1,0,-1,-1,0,-1,1,0,0,0,0,0,0,0,0,0,-1,0,1,0,-1,0,0,-1,0
Pym1,203,1,-1,0,0,0,0,0,-1,0,0,0,0,0,1,0,0,0,0,0,0,1,0,-1,0,0,0,1,1,0,1
Rab20,233,1,1,1,0,-1,0,1,0,0,0,0,0,-1,0,0,0,0,1,0,0,0,0,0,1,0,0,-1,1,1,0
Rab12,1274,1,0,-1,0,0,0,1,0,0,0,0,0,0,0,0,0,-1,0,0,0,0,0,0,0,0,0,-1,0,0,1
Rab11a,310,1,0,0,0,0,0,0,0,-1,-1,0,0,0,0,0,0,0,0,0,0,0,0,0,1,0,0,0,0,0,1
Ranbp3,491,1,0,-1,0,0,0,-1,-1,1,0,0,0,0,0,0,0,0,0,0,0,1,-1,1,0,0,1,1,0,0,0
Rab11fip1,645,1,0,0,0,0,0,0,0,1,0,0,0,0,0,0,0,0,0,0,0,0,0,0,0,0,0,0,1,0,0
Rassf4,322,1,1,-1,0,0,0,0,0,0,0,0,0,0,0,-1,0,1,0,0,0,1,0,-1,0,0,0,0,0,1,0
Rab43,215,1,-1,0,0,0,0,0,0,0,0,1,0,0,0,0,0,-1,0,0,0,0,1,0,0,0,0,1,0,0,0
Raf1,187,1,0,0,-1,0,0,0,0,0,0,0,0,0,0,0,-1,0,-1,-1,0,0,0,0,0,0,1,0,-1,0,0
Rgl1,768,1,1,0,0,0,0,0,1,0,0,0,0,0,-1,0,0,-1,-1,0,-1,-1,0,0,0,0,0,0,0,0,1
Ric1,1422,1,0,0,0,0,0,0,0,1,1,0,0,0,0,0,1,0,0,0,-1,0,0,0,0,0,0,0,-1,0,1
Rbm10,130,1,1,-1,-1,0,0,0,0,0,0,0,0,0,0,-1,0,0,0,0,0,1,0,0,0,-1,1,0,0,0,0
Rbm14,1262,1,0,0,1,0,0,0,0,1,0,0,0,0,0,0,0,0,0,1,0,0,0,0,0,0,0,0,0,0,-1
Rps6kc1,1056,1,0,0,0,0,0,0,0,0,-1,0,0,1,0,0,0,0,0,-1,0,0,1,0,0,1,0,0,0,0,0
S100a9,89,1,0,0,-1,0,-1,1,0,0,0,0,0,0,-1,0,0,0,0,0,0,0,0,0,0,0,0,0,0,0,0
Samd4b,687,1,0,0,1,-1,0,0,0,0,0,0,0,0,0,1,0,0,0,-1,0,-1,0,0,0,0,0,0,0,0,0
Riok3,519,1,-1,0,0,0,0,0,0,0,-1,0,0,0,0,0,0,0,0,0,0,1,0,0,0,0,0,0,0,0,0
Scamp3,349,1,0,0,0,1,-1,0,0,0,0,0,0,-1,0,0,-1,0,-1,0,0,0,0,-1,0,0,0,0,0,0,1
Rnaseh2c,166,1,1,0,0,-1,-1,0,0,-1,0,1,0,1,0,0,0,1,0,0,0,0,1,0,0,0,0,0,1,0,0
Sarnp,210,1,0,0,-1,0,0,-1,0,0,1,0,1,0,0,-1,0,1,0,-1,0,0,0,1,0,0,-1,0,1,0,0
Sec24b,699,1,1,0,-1,0,0,0,0,-1,0,1,0,1,0,0,0,0,0,0,0,0,0,1,0,0,0,0,0,0,0
Sh3gl1,396,1,-1,0,-1,0,0,0,0,0,0,0,0,0,0,0,0,0,1,0,0,0,0,0,1,0,0,0,0,0,0
Sart1,806,1,0,0,0,1,1,0,1,0,-1,1,-1,0,0,0,0,0,0,0,0,0,0,0,0,0,0,-1,0,0,0
Scfd1,639,1,0,0,0,1,0,0,0,0,0,0,0,1,-1,1,0,0,0,0,0,1,1,0,0,0,0,0,0,0,0
Slc23a2,648,1,0,0,0,0,1,0,0,0,0,1,0,0,-1,0,0,0,0,0,-1,0,1,0,-1,-1,-1,0,1,0,0
Slc28a2,660,1,-1,1,0,1,0,1,1,0,0,0,0,0,0,0,-1,0,0,0,-1,0,0,0,0,-1,0,0,-1,0,0
Slc25a22,323,1,0,-1,1,0,0,0,0,0,0,1,0,0,0,0,0,0,0,0,0,0,0,0,0,0,0,0,0,0,-1
Slamf7,132,1,-1,0,0,0,0,0,0,0,0,0,1,1,-1,0,-1,0,0,0,0,1,0,0,0,-1,0,0,0,0,0
Slc66a2,271,1,-1,0,-1,0,0,0,0,0,0,0,0,0,0,0,0,0,0,0,0,0,0,0,0,0,0,0,0,0,0
Smg9,517,1,0,-1,0,0,0,0,0,0,0,0,0,0,0,-1,1,1,1,1,0,1,-1,0,0,0,0,0,0,0,0
Slc2a6,497,1,0,-1,0,0,0,1,0,-1,0,0,-1,0,-1,0,0,0,-1,0,0,0,0,0,0,-1,1,-1,1,0,0
Slc4a7,1118,1,-1,0,1,-1,0,0,0,0,0,-1,0,0,0,0,0,1,0,-1,-1,-1,0,0,0,-1,1,0,0,0,1
Slc30a1,833,1,1,0,0,0,0,0,1,0,0,0,0,0,0,0,0,0,0,0,0,0,0,0,0,0,0,-1,-1,0,-1
Spata13,656,1,0,0,0,0,0,0,0,0,0,0,-1,0,0,0,0,0,0,0,0,1,0,0,1,1,1,1,0,0,0
Sphk2,617,1,0,0,0,0,0,0,0,0,0,0,0,0,0,0,0,0,0,-1,0,0,0,0,0,0,0,0,0,1,0
Sqstm1,656,1,0,0,-1,0,0,0,-1,0,0,1,0,0,0,0,-1,0,0,-1,1,0,-1,0,-1,0,0,0,0,0,1
Snx10,201,1,0,0,-1,0,0,1,-1,-1,0,0,0,0,0,0,1,-1,0,1,0,0,1,-1,-1,0,0,0,0,0,0
Src,1992,1,0,0,0,0,0,0,0,0,0,1,1,0,0,0,1,0,0,0,0,0,-1,0,0,0,0,0,0,0,0
Snx18,614,1,0,0,1,0,1,0,0,0,-1,0,1,0,-1,0,0,0,-1,0,0,0,1,-1,0,-1,0,0,0,0,0
Sting1,337,1,0,0,0,0,0,0,0,0,0,0,1,0,1,0,0,1,0,1,0,0,0,0,0,0,0,0,0,0,0
Stx11,287,1,1,-1,1,0,0,-1,0,0,-1,0,0,1,0,0,-1,0,0,0,0,-1,0,-1,0,-1,0,-1,0,0,1
Stx12,274,1,0,0,0,0,0,-1,0,0,1,0,0,0,0,0,0,0,0,0,1,-1,0,0,0,0,0,0,0,0,0
Stat2,333,1,0,0,0,0,0,1,0,0,1,0,1,0,0,0,0,0,0,1,0,1,0,0,0,0,0,0,0,0,0
Stxbp3,592,1,0,0,0,0,0,-1,1,0,0,1,0,0,0,0,1,1,0,1,0,0,0,0,-1,-1,0,1,1,-1,0
Stat5a,786,1,0,0,0,0,0,0,0,0,0,0,0,-1,0,0,0,0,0,0,0,0,0,0,0,0,0,0,0,-1,0
Stau1,2549,1,0,0,0,0,0,0,0,0,0,0,0,0,0,0,0,0,0,0,0,0,0,0,0,0,0,0,0,0,1
St3gal5,287,1,0,0,0,0,-1,-1,1,0,0,0,0,0,-1,0,0,0,0,1,0,0,0,0,0,-1,0,-1,0,1,0
Tap1,762,1,1,0,0,1,0,0,0,0,0,0,0,0,0,0,0,-1,0,0,0,0,0,0,0,0,0,0,0,0,0
Surf6,355,1,0,0,0,0,0,1,-1,0,0,0,0,-1,0,0,1,1,0,0,0,0,0,0,0,-1,1,0,1,0,0
Syk,618,1,0,-1,0,0,0,0,0,0,0,0,0,0,0,0,0,1,0,-1,0,-1,-1,0,0,1,0,0,0,0,0
Syap1,382,1,0,0,0,0,1,0,0,0,0,0,0,0,0,0,0,0,0,0,0,0,0,0,0,1,0,-1,-1,0,0
Tapbpl,451,1,0,0,-1,0,0,0,0,0,0,0,0,0,0,0,0,0,0,0,0,0,-1,0,0,0,0,0,0,0,0
Tbc1d13,200,1,0,1,1,0,0,-1,0,0,0,1,0,0,0,0,0,-1,0,0,0,0,1,0,0,0,0,0,1,0,0
Supt6h,198,1,-1,0,0,0,0,1,0,1,1,0,0,0,0,0,1,0,0,1,0,0,1,0,1,0,-1,0,0,0,0
Stxbp1,594,1,0,0,0,0,0,1,0,0,0,0,-1,1,0,0,0,-1,0,0,1,1,0,1,1,1,0,-1,0,1,0
Tbk1,584,1,0,0,0,0,0,0,0,0,0,-1,1,0,-1,0,0,0,-1,0,0,0,0,0,0,0,0,0,0,0,0
Tdrd7,1941,1,0,0,0,0,0,0,0,0,0,0,0,0,0,0,0,1,0,0,0,0,-1,0,0,0,-1,0,0,0,0
Tlr2,784,1,0,1,0,0,0,0,0,0,0,0,0,0,0,0,0,0,0,0,1,1,0,0,0,0,-1,0,0,0,0
Themis2,217,1,-1,0,0,0,1,0,-1,0,1,0,0,0,-1,-1,-1,0,0,0,1,1,0,-1,0,0,1,0,0,0,-1
Tmod3,1271,1,-1,0,0,0,0,0,0,0,0,1,0,0,-1,0,0,0,0,-1,0,1,0,0,0,0,0,-1,0,0,1
Tm9sf4,643,1,0,0,0,0,0,0,0,0,1,0,0,0,0,0,0,0,0,0,1,0,0,0,0,0,0,0,0,0,0
Tnfaip2,691,1,0,1,0,0,0,0,0,0,0,0,0,0,0,0,0,0,0,0,0,0,0,0,0,0,0,0,0,1,0
Tfg,462,1,0,0,0,0,0,0,0,0,0,1,0,0,0,0,0,1,0,-1,0,1,0,-1,0,0,0,0,0,0,-1
Tnfrsf1b,474,1,0,0,0,0,0,0,0,0,0,0,0,-1,0,0,0,0,0,0,0,0,0,0,0,0,0,0,0,0,0
Tnip1,775,1,0,-1,0,0,0,0,0,0,0,0,0,0,0,0,1,1,0,0,1,0,1,-1,1,0,0,-1,-1,0,0
Tns1,193,1,0,1,0,1,-1,0,0,0,-1,0,0,-1,0,0,0,0,-1,-1,0,1,1,0,1,0,1,0,0,0,0
Tmsb10,44,1,0,-1,1,0,-1,0,0,-1,0,0,0,0,-1,1,0,1,0,1,1,0,-1,0,0,-1,1,0,0,0,0
Tpm4,248,1,0,0,0,0,0,0,-1,0,0,1,1,1,0,0,0,0,0,0,0,0,-1,-1,0,-1,-1,1,0,0,0
Tor1aip1,595,1,0,0,-1,1,0,0,0,-1,0,0,0,-1,0,0,0,0,0,0,0,0,1,0,0,0,1,-1,0,1,1
Trmt1l,728,1,-1,0,0,0,-1,-1,-1,0,0,0,0,-1,1,-1,-1,0,0,0,1,0,0,0,0,0,0,-1,0,0,0
Use1,356,1,0,-1,0,0,0,-1,-1,0,0,0,0,0,0,0,0,0,0,0,0,0,0,0,0,0,0,0,0,0,0
Tpm1,284,1,-1,0,0,1,1,1,0,0,0,0,1,0,-1,1,-1,0,0,0,-1,1,0,-1,0,0,-1,0,-1,1,1
Vasp,2062,1,-1,0,0,0,0,-1,0,0,1,0,0,0,1,-1,0,0,0,0,0,0,0,0,0,0,0,0,0,-1,0
Ugdh,493,1,0,-1,0,1,1,0,0,0,0,0,0,0,0,0,0,0,0,0,0,0,0,0,0,0,0,0,0,-1,0
Trex1,314,1,0,0,0,0,0,0,0,0,0,0,0,0,0,0,0,0,-1,0,-1,0,0,0,0,0,0,0,1,0,-1
Vrk2,381,1,0,0,0,-1,-1,0,0,0,-1,0,0,0,-1,0,0,0,0,0,-1,0,0,0,0,0,0,1,0,0,0
Tut7,1644,1,-1,-1,0,1,0,0,1,0,-1,0,0,-1,0,1,1,0,0,0,0,-1,-1,0,1,0,0,1,0,0,0
Vamp2,206,1,0,-1,-1,0,-1,0,1,0,-1,0,-1,-1,0,0,1,1,0,-1,0,0,0,-1,-1,0,0,-1,0,0,1
Wipf1,436,1,0,0,0,0,0,1,0,0,0,0,0,0,-1,0,0,0,1,0,0,0,-1,1,0,0,0,-1,0,0,0
Wars1,310,1,-1,0,0,0,0,0,0,0,0,0,0,0,0,0,0,0,0,0,0,-1,0,0,1,0,1,0,0,0,-1
Znfx1,1909,1,-1,-1,1,1,0,0,0,-1,0,1,0,1,0,0,0,0,0,0,1,0,0,0,-1,0,-1,0,0,0,1
Whamm,793,1,-1,0,-1,0,0,-1,0,0,-1,0,0,0,0,0,1,-1,-1,0,0,0,-1,0,-1,1,0,0,0,1,0
Zyx,1087,1,0,0,0,-1,0,0,0,0,0,0,0,0,0,0,0,0,0,0,1,0,0,0,0,1,-1,-1,0,0,0
Zc3h11a,792,1,0,0,0,0,-1,-1,0,0,0,0,0,0,0,0,0,0,1,0,-1,0,0,0,0,1,0,0,-1,0,0
Yju2,314,1,0,-1,1,1,0,0,0,1,0,0,0,0,-1,0,-1,0,0,1,0,0,1,0,1,0,0,1,-1,1,0
Zfand2b,257,1,-1,0,0,-1,0,0,0,0,0,0,-1,0,0,0,0,1,0,-1,0,0,0,0,1,0,-1,0,0,0,0
Washc2,1334,1,0,1,0,0,0,-1,0,-1,1,0,0,0,0,-1,0,0,0,-1,1,0,0,0,0,-1,-1,0,1,1,0
